graph_name,n_nodes,M_edges,aut_grp_order,rho,avg_support,tot_support,orbits,delta
CAG_mat72,72,678,165888,15461862102735702294386898316221024331523783852925678865618014801137958700918434833517907451314020283544892345904326807460979413862055936,30,2.00,"[[ 3, 6 ], [ 10, 11, 18 ], [ 15, 22, 47 ], [ 28, 37 ], [ 29, 38 ], [ 33, 72 ], [ 35, 63 ], [ 50, 56, 62 ], [ 51, 60, 70 ], [ 54, 66 ], [ 55, 61 ]]",1
DD_g1000,183,408,8,2993155353253689176481146537402947624255349848014848000,6,2.00,"[[ 9, 10 ], [ 138, 139 ], [ 145, 147 ]]",9
DD_g1006,246,568,16,17254365866976409468586889655692563631127772430425966387906310559498240000,8,2.00,"[[ 59, 244 ], [ 70, 71 ], [ 169, 170 ], [ 198, 200 ]]",9
DD_g1010,157,363,256,4253529586511730793292182592897102643200000000,16,2.00,"[[ 53, 55 ], [ 58, 59 ], [ 86, 87 ], [ 95, 121 ], [ 127, 132 ], [ 128, 131 ], [ 130, 133 ], [ 146, 147 ]]",9
DD_g1017,162,376,64,348449143727040986586495598010130648530944000000,12,2.00,"[[ 12, 65 ], [ 52, 54 ], [ 88, 90 ], [ 95, 96 ], [ 101, 105 ], [ 120, 121 ]]",9
DD_g1020,228,541,64,25711008708143844408671393477458601640355247900524685364822016000000,12,2.00,"[[ 41, 42 ], [ 102, 104 ], [ 147, 148 ], [ 150, 152 ], [ 186, 188 ], [ 198, 199 ]]",9
DD_g1021,329,787,256,21643507248553914666602235439349642961171851682700572663008992274390301309985452503198597120000000,18,2.25,"[[ 99, 101 ], [ 157, 158 ], [ 168, 169 ], [ 205, 210 ], [ 207, 273 ], [ 213, 214 ], [ 244, 245 ], [ 270, 271 ], [ 287, 290 ]]",10
DD_g1026,247,578,3072,18481113845210974559547622703673513022232284724936510015435516476251360795584912183546380661216668494252755844208227528197457318928410393372002785097256517885805856827390415247607297212416,22,2.00,"[[ 10, 11 ], [ 61, 63 ], [ 88, 90 ], [ 138, 139 ], [ 164, 165 ], [ 191, 193 ], [ 215, 217 ], [ 218, 219, 220 ], [ 222, 224 ], [ 235, 236 ]]",4
DD_g1030,136,351,2,46278401901247631031018946610720476758016,4,4.00,"[[ 46, 50 ], [ 51, 123 ]]",9
DD_g1036,174,510,32,2283596308329535809693257551119192218212394598400000,10,2.00,"[[ 20, 21 ], [ 99, 162 ], [ 115, 116 ], [ 153, 157 ], [ 155, 156 ]]",9
DD_g1037,65,171,4,14411518807585587200,4,2.00,"[[ 13, 14 ], [ 49, 50 ]]",8
DD_g1040,104,229,8,4951760157141521099596496896000,6,2.00,"[[ 2, 4 ], [ 44, 45 ], [ 58, 60 ]]",8
DD_g1041,70,195,2,737869762948382064640,2,2.00,"[[ 39, 40 ]]",8
DD_g1047,175,456,16,7307508186654514591018424163581415098279662714880000,8,2.00,"[[ 17, 20 ], [ 42, 43 ], [ 112, 114 ], [ 119, 120 ]]",9
DD_g1056,58,133,2,180143985094819840,2,2.00,"[[ 8, 10 ]]",7
DD_g1060,226,485,2,67399866667876599486667537717549076684092861056351431202759025623040,2,2.00,"[[ 103, 105 ]]",9
DD_g1067,247,529,8,55213970774324510299478046898216203619608871777363092441300193790394368000,6,2.00,"[[ 67, 68 ], [ 106, 107 ], [ 213, 214 ]]",9
DD_g107,130,292,16,207691874341393105141219853168803840000,8,2.00,"[[ 47, 48 ], [ 71, 72 ], [ 87, 88 ], [ 91, 93 ]]",8
DD_g1077,111,258,32,247588007857076054979824844800000,10,2.00,"[[ 15, 16 ], [ 33, 43 ], [ 34, 40 ], [ 67, 70 ], [ 89, 93 ]]",8
DD_g1082,67,155,4,57646075230342348800,4,2.00,"[[ 1, 3 ], [ 35, 38 ]]",7
DD_g1083,252,603,1536,272302054367695563956446620208413435512442471059331448694459774981004340546477661529745069398538858484618012485139965096990635928848646291313392996254314386578933142448540616824376718274854912,22,2.20,"[[ 43, 45 ], [ 48, 49 ], [ 74, 76 ], [ 83, 87 ], [ 124, 125, 127 ], [ 192, 194 ], [ 199, 201 ], [ 209, 210 ], [ 226, 227 ], [ 231, 233 ]]",4
DD_g1084,289,768,16,151771007205135083665582961470587414581438034300948400097797844510851897281656913920000,8,2.00,"[[ 10, 11 ], [ 72, 73 ], [ 118, 120 ], [ 268, 269 ]]",10
DD_g1088,224,553,256,627710173538668076383578942320766641610235544446403451289600000000,16,2.00,"[[ 12, 14 ], [ 72, 74 ], [ 77, 80 ], [ 120, 121 ], [ 156, 157 ], [ 161, 163 ], [ 162, 164 ], [ 212, 213 ]]",9
DD_g1092,53,168,8,2199023255552000,6,2.00,"[[ 11, 14 ], [ 30, 32 ], [ 51, 53 ]]",8
DD_g1094,183,472,48,15842829631048178804106195650445025876139625773696076422971798384292743170519727501021820514821136724750838194941968630804446730794227990528,10,2.00,"[[ 63, 66 ], [ 80, 83, 84 ], [ 81, 82 ], [ 171, 172 ]]",4
DD_g1095,158,412,8,89202980794122492566142873090593446023921664000,6,2.00,"[[ 7, 126 ], [ 39, 44 ], [ 116, 117 ]]",9
DD_g1098,346,792,32,13670317029893824527328138919485133533457308943082577727661066290062206244996099520146957356394086400000,10,2.00,"[[ 5, 7 ], [ 61, 64 ], [ 204, 206 ], [ 302, 303 ], [ 324, 325 ]]",10
DD_g1099,314,727,64,1989292945639146568621528992587283360401824603189390869761855907572637988050133502132224000000,12,2.00,"[[ 63, 65 ], [ 115, 118 ], [ 148, 150 ], [ 166, 167 ], [ 250, 252 ], [ 292, 293 ]]",10
DD_g1102,146,377,16,11569600475311907757754736652680119189504000,10,2.50,"[[ 80, 81 ], [ 84, 93 ], [ 130, 131 ], [ 133, 134 ], [ 137, 138 ]]",9
DD_g1104,173,405,16,1826877046663628647754606040895353774569915678720000,8,2.00,"[[ 36, 37 ], [ 122, 124 ], [ 134, 135 ], [ 159, 160 ]]",9
DD_g1105,106,223,16,12379400392853802748991242240000,8,2.00,"[[ 84, 85 ], [ 96, 97 ], [ 98, 99 ], [ 104, 106 ]]",8
DD_g1108,172,431,2,3741444191567111470601433171753684530319187310018560,2,2.00,"[[ 99, 100 ]]",9
DD_g1109,254,568,16,4417117661945960823958243751857296289568709742189047395304015503231549440000,8,2.00,"[[ 116, 118 ], [ 177, 178 ], [ 194, 195 ], [ 253, 254 ]]",9
DD_g1112,153,373,32,1088903574147003083082798743781658276659200000,10,2.00,"[[ 10, 12 ], [ 15, 16 ], [ 47, 50 ], [ 118, 119 ], [ 140, 141 ]]",9
DD_g1113,267,715,64,14134776518227074636666380005943348126619871175004951664972849610340958208000000,12,2.00,"[[ 18, 19 ], [ 67, 69 ], [ 83, 86 ], [ 131, 220 ], [ 171, 172 ], [ 207, 210 ]]",10
DD_g1114,57,144,2,90071992547409920,2,2.00,"[[ 33, 52 ]]",7
DD_g1118,114,249,2,12980742146337069071326240823050240,2,2.00,"[[ 87, 88 ]]",8
DD_g1122,157,457,16,27875931498163278926919647840810451882475520000,8,2.00,"[[ 18, 20 ], [ 68, 72 ], [ 91, 150 ], [ 106, 108 ]]",9
DD_g1128,198,478,512,5846006549323611672814739330865132078623730171904000000000,18,2.00,"[[ 10, 12 ], [ 18, 20 ], [ 22, 25 ], [ 47, 48 ], [ 98, 99 ], [ 104, 105 ], [ 132, 133 ], [ 138, 140 ], [ 187, 190 ]]",9
DD_g1129,139,332,256,16225927682921336339157801028812800000000,16,2.00,"[[ 7, 8 ], [ 41, 42 ], [ 69, 72 ], [ 77, 78 ], [ 84, 86 ], [ 89, 92 ], [ 95, 96 ], [ 108, 110 ]]",9
DD_g1132,108,224,4,126765060022822940149670320537600,4,2.00,"[[ 18, 19 ], [ 87, 88 ]]",8
DD_g1133,118,289,4,129807421463370690713262408230502400,4,2.00,"[[ 25, 26 ], [ 55, 57 ]]",8
DD_g1134,155,356,512,664613997892457936451903530140172288000000000,18,2.00,"[[ 11, 12 ], [ 21, 23 ], [ 55, 56 ], [ 71, 72 ], [ 78, 79 ], [ 108, 110 ], [ 113, 114 ], [ 126, 127 ], [ 131, 132 ]]",9
DD_g1138,83,205,8,2361183241434822606848000,6,2.00,"[[ 42, 43 ], [ 44, 46 ], [ 75, 77 ]]",8
DD_g1143,92,232,32,472236648286964521369600000,10,2.00,"[[ 5, 6 ], [ 14, 15 ], [ 22, 23 ], [ 65, 70 ], [ 79, 80 ]]",8
DD_g1144,103,214,1152,16489871828584736450977781065087189078218426535324229634219083693558120846116162150376794100662495231190269751015797424128,18,2.00,"[[ 8, 10 ], [ 23, 25, 26 ], [ 37, 38, 39 ], [ 48, 49 ], [ 61, 62 ], [ 75, 76 ], [ 94, 95 ]]",2
DD_g1145,143,336,16,1701411834604692317316873037158841057280000,8,2.00,"[[ 8, 9 ], [ 62, 63 ], [ 108, 110 ], [ 123, 124 ]]",9
DD_g1148,257,701,256,5391989333430127958933403017403926134727428884508114496220722049843200000000,16,2.00,"[[ 14, 15 ], [ 105, 106 ], [ 120, 121 ], [ 166, 167 ], [ 170, 171 ], [ 192, 193 ], [ 220, 244 ], [ 255, 256 ]]",10
DD_g1149,73,213,8,2305843009213693952000,6,2.00,"[[ 5, 6 ], [ 51, 52 ], [ 63, 64 ]]",8
DD_g1152,237,590,512,3213876088517980551083924184682325205044405987565585670602752000000000,18,2.00,"[[ 7, 9 ], [ 13, 15 ], [ 97, 98 ], [ 99, 100 ], [ 121, 125 ], [ 126, 128 ], [ 148, 149 ], [ 159, 161 ], [ 196, 197 ]]",9
DD_g1153,56,110,2,45035996273704960,2,2.00,"[[ 31, 32 ]]",7
DD_g1155,289,648,4,388533778445145814183892381364703781328481367810427904250362481947780857041041699635200,4,2.00,"[[ 165, 168 ], [ 283, 284 ]]",9
DD_g116,268,588,192,5813363638187476554730422406566015761873078210702686889202231592356416532039951994639224733421018818629013550920385386302418219898414475583963367052499716003919969319813799534530819408767129144138051616768,14,2.00,"[[ 94, 95 ], [ 108, 110 ], [ 126, 129 ], [ 185, 186, 187 ], [ 237, 238 ], [ 254, 255 ]]",4
DD_g1163,82,194,4,1888946593147858085478400,4,2.00,"[[ 6, 7 ], [ 32, 33 ]]",8
DD_g1164,350,814,16,349960115965281907899600356338819418456507108942913989828123297025592479871900147715762108323688611840000,8,2.00,"[[ 113, 114 ], [ 166, 167 ], [ 302, 304 ], [ 347, 348 ]]",10
DD_g1165,216,567,4,41137613933030151053874229563933762624568396640839496583715225600,4,2.00,"[[ 159, 161 ], [ 195, 197 ]]",9
DD_g1169,56,116,2,45035996273704960,2,2.00,"[[ 34, 37 ]]",7
DD_g1172,305,755,64,3885337784451458141838923813647037813284813678104279042503624819477808570410416996352000000,12,2.00,"[[ 71, 72 ], [ 85, 87 ], [ 95, 96 ], [ 110, 112 ], [ 150, 152 ], [ 187, 190 ]]",10
DD_g1173,66,142,12,5424978255864039708435187614564132074081652572160,6,2.00,"[[ 13, 15, 17 ], [ 49, 51 ]]",3
DD_g1175,98,214,32,30223145490365729367654400000,10,2.00,"[[ 18, 19 ], [ 20, 23 ], [ 48, 50 ], [ 49, 51 ], [ 70, 72 ]]",8
DD_g127,119,335,8,162259276829213363391578010288128000,6,2.00,"[[ 32, 33 ], [ 43, 45 ], [ 111, 112 ]]",9
DD_g13,315,728,256,1554135113780583256735569525458815125313925471241711617001449927791123428164166798540800000000,16,2.00,"[[ 6, 7 ], [ 39, 42 ], [ 58, 61 ], [ 126, 127 ], [ 174, 176 ], [ 203, 205 ], [ 206, 210 ], [ 225, 226 ]]",10
DD_g130,241,553,2048,20086725553237378444274526154264532531527537422284910441267200000000000,22,2.00,"[[ 24, 25 ], [ 31, 32 ], [ 49, 53 ], [ 65, 66 ], [ 134, 135 ], [ 144, 145 ], [ 147, 148 ], [ 174, 175 ], [ 190, 192 ], [ 224, 225 ], [ 235, 236 ]]",9
DD_g14,277,766,512,3533694129556768659166595001485837031654967793751237916243212402585239552000000000,18,2.00,"[[ 85, 88 ], [ 95, 97 ], [ 106, 107 ], [ 116, 120 ], [ 117, 119 ], [ 148, 149 ], [ 205, 206 ], [ 224, 226 ], [ 245, 246 ]]",10
DD_g146,327,753,256,6365737426045269019588892776279306753285838730206050783237938904232441561760427206823116800000000,16,2.00,"[[ 79, 81 ], [ 80, 82 ], [ 93, 95 ], [ 163, 164 ], [ 188, 190 ], [ 193, 194 ], [ 218, 219 ], [ 241, 242 ]]",10
DD_g147,99,317,32,60446290980731458735308800000,10,2.00,"[[ 20, 23 ], [ 32, 94 ], [ 54, 55 ], [ 69, 81 ], [ 86, 87 ]]",9
DD_g15,224,497,32,2571100870814384440867139347745860164035524790052468536482201600000,10,2.00,"[[ 12, 13 ], [ 74, 76 ], [ 157, 158 ], [ 187, 188 ], [ 189, 190 ]]",9
DD_g150,310,746,128,77706755689029162836778476272940756265696273562085580850072496389556171408208339927040000000,14,2.00,"[[ 15, 16 ], [ 50, 51 ], [ 80, 81 ], [ 116, 117 ], [ 188, 191 ], [ 263, 264 ], [ 287, 289 ]]",10
DD_g151,241,623,4,1380349269358112757486951172455405090490221794434077311032504844759859200,4,2.00,"[[ 71, 74 ], [ 176, 179 ]]",9
DD_g157,208,467,8,100433627766186892221372630771322662657637687111424552206336000,6,2.00,"[[ 19, 22 ], [ 72, 73 ], [ 93, 94 ]]",9
DD_g170,267,779,16,30757273703662114409386042892932725523524839676810774822980920752101925060608000,10,2.50,"[[ 103, 106 ], [ 104, 108 ], [ 105, 213 ], [ 128, 129 ], [ 241, 242 ]]",10
DD_g18,221,633,128,125542034707733615276715788464153328322047108889280690257920000000,14,2.00,"[[ 19, 21 ], [ 35, 36 ], [ 72, 74 ], [ 76, 77 ], [ 136, 138 ], [ 177, 180 ], [ 201, 203 ]]",10
DD_g182,183,471,32,1169201309864722334562947866173026415724746034380800000,10,2.00,"[[ 31, 32 ], [ 39, 41 ], [ 67, 69 ], [ 116, 118 ], [ 152, 171 ]]",9
DD_g188,245,720,16,8627182933488204734293444827846281815563886215212983193953155279749120000,8,2.00,"[[ 73, 74 ], [ 154, 156 ], [ 160, 162 ], [ 176, 178 ]]",10
DD_g19,151,404,4,1115037259926531157076785913632418075299020800,4,2.00,"[[ 37, 83 ], [ 44, 99 ]]",9
DD_g192,262,646,32,706738825911353731833319000297167406330993558750247583248642480517047910400000,10,2.00,"[[ 11, 12 ], [ 26, 27 ], [ 137, 138 ], [ 183, 184 ], [ 247, 249 ]]",9
DD_g193,194,435,128,935361047891777867650358292938421132579796827504640000000,14,2.00,"[[ 8, 10 ], [ 29, 33 ], [ 30, 31 ], [ 70, 71 ], [ 87, 88 ], [ 97, 98 ], [ 164, 165 ]]",9
DD_g202,243,554,128,526561458342785933489590138418352161594475477002745556271554887680000000,14,2.00,"[[ 24, 25 ], [ 64, 66 ], [ 71, 72 ], [ 109, 110 ], [ 130, 131 ], [ 136, 138 ], [ 172, 173 ]]",9
DD_g209,162,368,256,136112946768375385385349842972707284582400000000,16,2.00,"[[ 44, 45 ], [ 51, 53 ], [ 96, 97 ], [ 104, 108 ], [ 115, 116 ], [ 132, 133 ], [ 150, 152 ], [ 154, 155 ]]",9
DD_g213,269,736,16,144740111546645244279463731260859884816587480832050705049321980009891412049920000,8,2.00,"[[ 10, 16 ], [ 205, 206 ], [ 222, 267 ], [ 237, 239 ]]",10
DD_g218,137,295,16,26584559915698317458076141205606891520000,8,2.00,"[[ 33, 34 ], [ 43, 44 ], [ 76, 77 ], [ 112, 113 ]]",8
DD_g235,162,407,4,2283596308329535809693257551119192218212394598400,4,2.00,"[[ 57, 59 ], [ 102, 127 ]]",9
DD_g238,212,581,64,392318858461667547739736838950479151006397215279002157056000000,12,2.00,"[[ 2, 104 ], [ 46, 48 ], [ 74, 76 ], [ 131, 133 ], [ 197, 198 ], [ 209, 210 ]]",9
DD_g243,250,600,8,441711766194596082395824375185729628956870974218904739530401550323154944000,6,2.00,"[[ 70, 71 ], [ 92, 93 ], [ 186, 187 ]]",9
DD_g244,291,822,256,92633671389852956338856788006950326282615987732512451231566067206330503711948800000000,16,2.00,"[[ 5, 7 ], [ 45, 48 ], [ 51, 53 ], [ 116, 118 ], [ 120, 121 ], [ 138, 141 ], [ 150, 152 ], [ 238, 239 ]]",10
DD_g248,321,729,4096,12900535612436482111574551724999930239422232915580614008312816783422411268940837683200000000000,26,2.17,"[[ 31, 32 ], [ 100, 104 ], [ 101, 280 ], [ 124, 125 ], [ 126, 127 ], [ 184, 185 ], [ 199, 200 ], [ 205, 208 ], [ 222, 223 ], [ 240, 242 ], [ 268, 270 ], [ 285, 286 ], [ 296, 297 ]]",10
DD_g25,255,703,32,5521397077432451029947804689821620361960887177736309244130019379039436800000,10,2.00,"[[ 30, 164 ], [ 33, 36 ], [ 97, 241 ], [ 171, 173 ], [ 183, 205 ]]",10
DD_g255,217,600,128,7846377169233350954794736779009583020127944305580043141120000000,14,2.00,"[[ 24, 27 ], [ 77, 81 ], [ 90, 94 ], [ 103, 106 ], [ 126, 130 ], [ 155, 187 ], [ 190, 191 ]]",9
DD_g258,162,327,64,348449143727040986586495598010130648530944000000,12,2.00,"[[ 15, 17 ], [ 28, 31 ], [ 38, 40 ], [ 77, 79 ], [ 124, 126 ], [ 160, 161 ]]",9
DD_g262,128,331,24,4905064846085985566097562744363600165805737714992708847053629210925939382414862149941130296295424,8,2.00,"[[ 37, 38 ], [ 78, 79, 82 ], [ 103, 104 ]]",3
DD_g263,190,501,32,149657767662684458824057326870147381212767492400742400000,10,2.00,"[[ 8, 10 ], [ 30, 34 ], [ 37, 39 ], [ 142, 145 ], [ 143, 146 ]]",9
DD_g274,302,838,256,189713759006418854581978701838234268226797542876185500122247305638564871602071142400000000,16,2.00,"[[ 25, 26 ], [ 78, 179 ], [ 111, 116 ], [ 181, 182 ], [ 192, 199 ], [ 214, 217 ], [ 270, 271 ], [ 272, 273 ]]",10
DD_g275,331,721,3072,4167435873209431950551866418767804367880079203861640268894452331403795537688766140063801682179095275005837464201377743708405026552682318009904439258594282217861309650439189165854961393232756009809388668429737951418850538109603964558092770740035720839168,24,2.18,"[[ 38, 39, 40 ], [ 42, 45 ], [ 71, 74 ], [ 87, 89 ], [ 205, 206 ], [ 209, 210 ], [ 245, 246 ], [ 260, 261 ], [ 263, 264 ], [ 297, 298 ], [ 319, 320 ]]",4
DD_g291,262,737,32,706738825911353731833319000297167406330993558750247583248642480517047910400000,10,2.00,"[[ 100, 103 ], [ 140, 142 ], [ 196, 197 ], [ 220, 221 ], [ 256, 258 ]]",10
DD_g296,157,360,8,44601490397061246283071436545296723011960832000,6,2.00,"[[ 25, 28 ], [ 37, 40 ], [ 52, 54 ]]",9
DD_g297,198,424,16,61299821634635554334333881086012367344749564887344087040000,8,2.00,"[[ 2, 4 ], [ 108, 110 ], [ 129, 130 ], [ 174, 175 ]]",9
DD_g306,245,657,8,13803492693581127574869511724554050904902217944340773110325048447598592000,6,2.00,"[[ 110, 117 ], [ 189, 190 ], [ 219, 221 ]]",9
DD_g321,205,457,192,550679254338056364072248578013332899082551218035722698747517367711136960935663012616255229111667174712643218609958482910084452930912623741666331406786101248,14,2.00,"[[ 7, 8 ], [ 90, 91 ], [ 104, 106 ], [ 167, 169 ], [ 178, 179, 180 ], [ 197, 198 ]]",4
DD_g326,317,789,128,8454495018966372916641498218495954281707754563554911196487887607183711449213067384061952000000,16,2.29,"[[ 67, 70 ], [ 68, 69 ], [ 121, 122 ], [ 139, 140 ], [ 147, 148 ], [ 181, 183 ], [ 269, 270 ], [ 292, 293 ]]",10
DD_g327,248,615,512,6582018229284824168619876730229402019930943462534319453394436096000000000,18,2.00,"[[ 100, 101 ], [ 110, 113 ], [ 112, 114 ], [ 115, 116 ], [ 157, 159 ], [ 171, 175 ], [ 205, 206 ], [ 217, 218 ], [ 220, 221 ]]",9
DD_g331,131,295,4,1063382396627932698323045648224275660800,4,2.00,"[[ 1, 6 ], [ 45, 46 ]]",8
DD_g34,220,492,64,100433627766186892221372630771322662657637687111424552206336000000,12,2.00,"[[ 24, 27 ], [ 45, 49 ], [ 88, 90 ], [ 93, 94 ], [ 103, 104 ], [ 148, 149 ]]",9
DD_g340,188,502,2,245199286538542217337335524344049469378998259549376348160,2,2.00,"[[ 1, 5 ]]",9
DD_g346,192,463,96,82047099578546410723659222448304886776431622043779575822794356058029300577887593394608976415628260836869644415039886590667935200954176275805634560,12,2.00,"[[ 61, 64 ], [ 107, 110 ], [ 144, 145 ], [ 147, 149, 150 ], [ 177, 178 ]]",4
DD_g347,280,709,384,6502969574624919794332838669640944878145160698062225412182979692681251079187805265617232848855404142619248413622771234602771609258577509901856348691659119701156250781681874396278453532155393389154415659059609862144,16,2.00,"[[ 28, 29 ], [ 31, 33 ], [ 137, 140 ], [ 155, 156 ], [ 157, 158 ], [ 165, 168 ], [ 268, 269, 271 ]]",4
DD_g35,344,802,128,1334991897450568801496888566355970071626690326472907981216901004888887328612900343764351304335360000000,14,2.00,"[[ 51, 55 ], [ 195, 196 ], [ 233, 310 ], [ 234, 235 ], [ 311, 312 ], [ 340, 342 ], [ 343, 344 ]]",10
DD_g351,297,726,512,3705346855594118253554271520278013051304639509300498049262642688253220148477952000000000,18,2.00,"[[ 38, 39 ], [ 45, 46 ], [ 47, 48 ], [ 141, 142 ], [ 161, 162 ], [ 196, 197 ], [ 253, 254 ], [ 290, 292 ], [ 293, 294 ]]",10
DD_g356,175,397,16,7307508186654514591018424163581415098279662714880000,8,2.00,"[[ 47, 49 ], [ 81, 82 ], [ 95, 97 ], [ 129, 130 ]]",9
DD_g360,306,722,128,4128171395979674275703856551999977676615114532985796482660101370695171606061068058624000000,16,2.29,"[[ 3, 6 ], [ 98, 102 ], [ 151, 154 ], [ 198, 199 ], [ 200, 201 ], [ 229, 230 ], [ 234, 237 ], [ 259, 260 ]]",10
DD_g366,338,767,96,33430724536753168030438500432436242772678665492271952520762753457691726512734536641415396450161077068715289216500740772972142008557771149783547680586120262429601167860236614624075440891887153882458548170305809111655247279433070055160007955132796605004953681920,12,2.00,"[[ 80, 81, 82 ], [ 184, 186 ], [ 299, 300 ], [ 320, 322 ], [ 333, 334 ]]",4
DD_g367,263,689,32,1413477651822707463666638000594334812661987117500495166497284961034095820800000,10,2.00,"[[ 31, 32 ], [ 95, 97 ], [ 128, 146 ], [ 192, 193 ], [ 257, 258 ]]",10
DD_g371,257,631,32,22085588309729804119791218759286481447843548710945236976520077516157747200000,10,2.00,"[[ 35, 39 ], [ 47, 49 ], [ 106, 107 ], [ 116, 117 ], [ 255, 256 ]]",9
DD_g376,167,353,2,116920130986472233456294786617302641572474603438080,2,2.00,"[[ 98, 99 ]]",8
DD_g38,284,694,1536,2225641336915378795424356518253778782661031735995356555564788071505575451305894900214841379506131730982716741527459926260295149665736989678724206003039483852571917058540211105548342599675942854677261356430123524423680,20,2.00,"[[ 19, 267 ], [ 50, 51 ], [ 60, 256 ], [ 73, 76 ], [ 89, 201 ], [ 105, 107, 109 ], [ 118, 119 ], [ 235, 236 ], [ 261, 263 ]]",4
DD_g383,164,352,64,1393796574908163946345982392040522594123776000000,12,2.00,"[[ 24, 25 ], [ 51, 55 ], [ 65, 66 ], [ 99, 101 ], [ 107, 108 ], [ 127, 129 ]]",9
DD_g389,351,772,512,66749594872528440074844428317798503581334516323645399060845050244444366430645017188217565216768000000000,18,2.00,"[[ 13, 15 ], [ 85, 86 ], [ 149, 150 ], [ 158, 160 ], [ 279, 280 ], [ 307, 309 ], [ 323, 324 ], [ 330, 331 ], [ 341, 342 ]]",10
DD_g39,263,628,16,2261564242916331941866620800950935700259179388000792266395655937654553313280000,8,2.00,"[[ 32, 33 ], [ 39, 40 ], [ 140, 142 ], [ 214, 215 ]]",9
DD_g399,316,706,256,2245725239412942805982897964287987856078622305944273286567095145658173353697221023891456000000,20,2.50,"[[ 62, 63 ], [ 83, 84 ], [ 93, 94 ], [ 147, 149 ], [ 173, 174 ], [ 188, 189 ], [ 190, 192 ], [ 208, 209 ], [ 243, 245 ], [ 263, 264 ]]",10
DD_g405,287,641,3072,247046188397606999446531915365332391561555059292305859423850054615525620800418131155283890223168898451268636574611921714008622366399309934175440049447231988164459613573279202760019254017831603390181897385904059594047488,22,2.00,"[[ 9, 10 ], [ 57, 58 ], [ 73, 78 ], [ 79, 82 ], [ 104, 105 ], [ 170, 171 ], [ 177, 178 ], [ 239, 240 ], [ 256, 257, 258 ], [ 278, 280 ]]",4
DD_g408,269,815,16,144740111546645244279463731260859884816587480832050705049321980009891412049920000,8,2.00,"[[ 3, 93 ], [ 39, 252 ], [ 148, 149 ], [ 250, 256 ]]",10
DD_g412,136,315,4,34028236692093846346337460743176821145600,4,2.00,"[[ 12, 14 ], [ 37, 38 ]]",8
DD_g415,150,427,48,331773343367359376146702902207014061767377566466066218780123694891251645182734113484431051732369796902072570871808,10,2.00,"[[ 15, 16 ], [ 65, 103 ], [ 96, 99 ], [ 137, 138, 139 ]]",3
DD_g419,222,535,8,1645504557321206042154969182557350504982735865633579863348609024000,6,2.00,"[[ 79, 81 ], [ 91, 190 ], [ 156, 157 ]]",9
DD_g424,104,213,8,4951760157141521099596496896000,6,2.00,"[[ 35, 37 ], [ 38, 39 ], [ 50, 52 ]]",8
DD_g425,315,777,512,971334446112864535459730953411759453321203419526069760625906204869452142602604249088000000000,18,2.00,"[[ 78, 81 ], [ 102, 104 ], [ 123, 126 ], [ 193, 195 ], [ 196, 197 ], [ 205, 207 ], [ 220, 221 ], [ 303, 304 ], [ 313, 314 ]]",10
DD_g428,144,343,4,8711228593176024664662389950253266213273600,4,2.00,"[[ 44, 46 ], [ 75, 77 ]]",9
DD_g429,185,489,16,7482888383134222941202866343507369060638374620037120000,8,2.00,"[[ 9, 11 ], [ 45, 47 ], [ 152, 153 ], [ 183, 185 ]]",9
DD_g43,216,521,16,16069380442589902755419620923411626025222029937827928353013760000,8,2.00,"[[ 75, 76 ], [ 158, 159 ], [ 169, 172 ], [ 180, 181 ]]",9
DD_g439,259,614,2,578960446186580977117854925043439539266349923328202820197287920039565648199680,2,2.00,"[[ 21, 22 ]]",9
DD_g452,186,393,128,3653754093327257295509212081790707549139831357440000000,14,2.00,"[[ 88, 89 ], [ 103, 105 ], [ 104, 106 ], [ 131, 132 ], [ 133, 134 ], [ 140, 141 ], [ 160, 161 ]]",9
DD_g462,277,643,64,14474011154664524427946373126085988481658748083205070504932198000989141204992000000,12,2.00,"[[ 62, 63 ], [ 93, 94 ], [ 105, 108 ], [ 155, 157 ], [ 185, 272 ], [ 192, 193 ]]",9
DD_g465,154,361,2,14272476927059598810582859694494951363827466240,2,2.00,"[[ 110, 111 ]]",9
DD_g472,353,798,1536,1096204184008688429293516324985195594717464833540846802070668705466433167245610285870832124756720064206206758768699947669830079567550380095665310988140110790557628744308088880788323973449738897757736905339248301352491592785302184594627378164772735516249838569462003924992,20,2.00,"[[ 20, 21, 23 ], [ 29, 30 ], [ 53, 54 ], [ 96, 99 ], [ 117, 119 ], [ 191, 194 ], [ 259, 262 ], [ 263, 264 ], [ 289, 291 ]]",4
DD_g474,50,110,2,703687441776640,2,2.00,"[[ 47, 48 ]]",7
DD_g478,240,595,16,269599466671506397946670150870196306736371444225405724811036102492160000,8,2.00,"[[ 15, 16 ], [ 60, 61 ], [ 141, 142 ], [ 226, 228 ]]",9
DD_g481,236,504,4,43135914667441023671467224139231409077819431076064915969765776398745600,4,2.00,"[[ 189, 191 ], [ 209, 210 ]]",9
DD_g490,251,582,2,2261564242916331941866620800950935700259179388000792266395655937654553313280,2,2.00,"[[ 207, 209 ]]",9
DD_g491,312,787,3072,6839040388749096823271282538316699801525945251566653995251588042606529219416465156926338790528683951156905577633597284670674028363491588976767273893928185375661106945657316261710589462162710911052370458703325887998752131700451513085198336,24,2.18,"[[ 27, 30 ], [ 28, 29 ], [ 114, 116, 117 ], [ 155, 157 ], [ 159, 160 ], [ 181, 285 ], [ 182, 183 ], [ 225, 227 ], [ 236, 239 ], [ 260, 261 ], [ 310, 311 ]]",4
DD_g52,254,708,128,1078397866686025591786680603480785226945485776901622899244144409968640000000,14,2.00,"[[ 38, 39 ], [ 66, 69 ], [ 76, 78 ], [ 77, 79 ], [ 106, 108 ], [ 150, 151 ], [ 250, 251 ]]",10
DD_g520,283,821,4096,55213970774324510299478046898216203619608871777363092441300193790394368000000000000,24,2.00,"[[ 3, 4 ], [ 11, 195 ], [ 17, 20 ], [ 53, 54 ], [ 89, 93 ], [ 117, 119 ], [ 135, 138 ], [ 165, 166 ], [ 179, 181 ], [ 201, 203 ], [ 247, 248 ], [ 280, 282 ]]",10
DD_g527,160,408,32,139379657490816394634598239204052259412377600000,10,2.00,"[[ 65, 67 ], [ 79, 80 ], [ 113, 129 ], [ 136, 137 ], [ 158, 159 ]]",9
DD_g541,271,676,16,578960446186580977117854925043439539266349923328202820197287920039565648199680000,8,2.00,"[[ 53, 55 ], [ 64, 65 ], [ 107, 108 ], [ 197, 199 ]]",9
DD_g546,124,309,2,13292279957849158729038070602803445760,2,2.00,"[[ 66, 67 ]]",8
DD_g550,218,503,4,164550455732120604215496918255735050498273586563357986334860902400,4,2.00,"[[ 2, 4 ], [ 195, 196 ]]",9
DD_g556,307,721,192,12951684447630638972945016244057360410569809805574769585752161742590404785189946768957721473915723231545040830257872981749414857848733154673309518819239401194806209723377767930869324123037399075818311137331219860824026499854265403572224,14,2.00,"[[ 173, 175 ], [ 176, 177 ], [ 283, 284 ], [ 292, 293 ], [ 296, 297, 298 ], [ 302, 303 ]]",4
DD_g557,294,690,64,1897137590064188545819787018382342682267975428761855001222473056385648716020711424000000,12,2.00,"[[ 8, 9 ], [ 111, 115 ], [ 117, 118 ], [ 205, 271 ], [ 277, 279 ], [ 282, 283 ]]",10
DD_g560,217,513,128,7846377169233350954794736779009583020127944305580043141120000000,14,2.00,"[[ 22, 23 ], [ 37, 39 ], [ 50, 52 ], [ 63, 65 ], [ 89, 90 ], [ 191, 192 ], [ 211, 212 ]]",9
DD_g561,220,520,64,100433627766186892221372630771322662657637687111424552206336000000,12,2.00,"[[ 1, 3 ], [ 35, 36 ], [ 61, 65 ], [ 89, 91 ], [ 101, 103 ], [ 155, 157 ]]",9
DD_g566,207,528,4,80346902212949513777098104617058130126110149689139641765068800,4,2.00,"[[ 103, 105 ], [ 150, 152 ]]",9
DD_g570,320,748,64,127314748520905380391777855525586135065716774604121015664758778084648831235208544136462336000000,12,2.00,"[[ 2, 4 ], [ 19, 20 ], [ 27, 32 ], [ 103, 106 ], [ 135, 140 ], [ 262, 263 ]]",10
DD_g576,330,778,64,130370302485407109521180524058200202307293977194619920040712988758680403184853549195737432064000000,12,2.00,"[[ 113, 116 ], [ 142, 143 ], [ 235, 236 ], [ 247, 248 ], [ 258, 260 ], [ 310, 312 ]]",10
DD_g577,353,804,1536,1096204184008688429293516324985195594717464833540846802070668705466433167245610285870832124756720064206206758768699947669830079567550380095665310988140110790557628744308088880788323973449738897757736905339248301352491592785302184594627378164772735516249838569462003924992,20,2.00,"[[ 11, 14 ], [ 21, 22 ], [ 84, 86 ], [ 127, 128 ], [ 169, 170 ], [ 238, 239 ], [ 247, 249 ], [ 267, 268, 269 ], [ 312, 314 ]]",4
DD_g58,241,646,96,11052855743271033732778142926815849073254046962927719581245945249528641122064701426821391392297316467609858471582536693817904335816535686380545657684030296316088341689636535616170622976,12,2.00,"[[ 2, 3 ], [ 49, 52 ], [ 107, 108 ], [ 122, 170, 171 ], [ 131, 133 ]]",4
DD_g582,219,581,64,50216813883093446110686315385661331328818843555712276103168000000,12,2.00,"[[ 1, 4 ], [ 2, 3 ], [ 5, 6 ], [ 36, 38 ], [ 104, 106 ], [ 115, 116 ]]",9
DD_g583,117,277,4,64903710731685345356631204115251200,4,2.00,"[[ 27, 29 ], [ 55, 57 ]]",8
DD_g589,188,434,8,95780971304118053647396689196894323976171195136475136000,6,2.00,"[[ 24, 25 ], [ 76, 77 ], [ 149, 150 ]]",9
DD_g593,202,479,128,239452428260295134118491722992235809940427987841187840000000,14,2.00,"[[ 83, 84 ], [ 110, 112 ], [ 139, 140 ], [ 164, 165 ], [ 167, 168 ], [ 189, 191 ], [ 196, 197 ]]",9
DD_g594,310,714,1024,18971375900641885458197870183823426822679754287618550012224730563856487160207114240000000000,20,2.00,"[[ 25, 27 ], [ 56, 59 ], [ 71, 74 ], [ 94, 97 ], [ 210, 211 ], [ 226, 228 ], [ 265, 267 ], [ 272, 273 ], [ 292, 294 ], [ 304, 305 ]]",10
DD_g598,298,733,256,11857109937901178411373668864889641764174846429761593757640456602410304475129446400000000,16,2.00,"[[ 2, 6 ], [ 49, 50 ], [ 89, 92 ], [ 120, 121 ], [ 209, 212 ], [ 210, 211 ], [ 235, 237 ], [ 271, 293 ]]",10
DD_g602,184,506,16,3741444191567111470601433171753684530319187310018560000,8,2.00,"[[ 64, 157 ], [ 104, 105 ], [ 165, 168 ], [ 171, 172 ]]",9
DD_g604,271,746,8192,8424983333484574935833442214693634585511607632043928900344878202880000000000000,26,2.00,"[[ 1, 5 ], [ 2, 3 ], [ 8, 9 ], [ 66, 69 ], [ 67, 68 ], [ 93, 94 ], [ 98, 99 ], [ 100, 142 ], [ 156, 157 ], [ 206, 207 ], [ 242, 244 ], [ 257, 259 ], [ 269, 271 ]]",10
DD_g605,121,274,16,405648192073033408478945025720320000,8,2.00,"[[ 23, 27 ], [ 52, 53 ], [ 54, 55 ], [ 81, 84 ]]",8
DD_g609,230,634,4096,6129982163463555433433388108601236734474956488734408704000000000000,24,2.00,"[[ 20, 24 ], [ 26, 29 ], [ 35, 36 ], [ 77, 127 ], [ 91, 93 ], [ 117, 119 ], [ 149, 151 ], [ 163, 164 ], [ 168, 169 ], [ 201, 203 ], [ 206, 209 ], [ 208, 230 ]]",10
DD_g614,274,649,128,1130782121458165970933310400475467850129589694000396133197827968827276656640000000,14,2.00,"[[ 154, 155 ], [ 189, 190 ], [ 210, 211 ], [ 222, 223 ], [ 227, 228 ], [ 259, 260 ], [ 264, 266 ]]",10
DD_g615,278,644,16,74106937111882365071085430405560261026092790186009960985252853765064402969559040000,8,2.00,"[[ 5, 6 ], [ 44, 45 ], [ 121, 122 ], [ 199, 200 ]]",9
DD_g618,336,796,8,34175792574734561318320347298712833833643272357706444319152665725155515612490248800367393390985216000,6,2.00,"[[ 58, 60 ], [ 77, 78 ], [ 192, 193 ]]",10
DD_g625,191,421,2,1961594292308337738698684194752395755031986076395010785280,2,2.00,"[[ 155, 157 ]]",9
DD_g628,215,487,8,12855504354071922204335696738729300820177623950262342682411008000,6,2.00,"[[ 144, 145 ], [ 151, 152 ], [ 178, 179 ]]",9
DD_g63,138,347,32,33230699894622896822595176507008614400000,10,2.00,"[[ 1, 4 ], [ 20, 21 ], [ 50, 51 ], [ 73, 74 ], [ 135, 136 ]]",9
DD_g638,213,455,512,191561942608236107294793378393788647952342390272950272000000000,18,2.00,"[[ 37, 39 ], [ 41, 43 ], [ 99, 100 ], [ 107, 108 ], [ 127, 128 ], [ 156, 158 ], [ 161, 162 ], [ 183, 184 ], [ 185, 187 ]]",9
DD_g643,277,725,32,23158417847463239084714197001737581570653996933128112807891516801582625927987200000,10,2.00,"[[ 114, 116 ], [ 138, 139 ], [ 194, 195 ], [ 226, 227 ], [ 254, 258 ]]",10
DD_g644,284,649,32,2964277484475294602843417216222410441043711607440398439410114150602576118782361600000,10,2.00,"[[ 48, 51 ], [ 123, 124 ], [ 165, 166 ], [ 204, 205 ], [ 274, 276 ]]",9
DD_g649,293,834,8,3885337784451458141838923813647037813284813678104279042503624819477808570410416996352000,6,2.00,"[[ 107, 108 ], [ 180, 181 ], [ 201, 204 ]]",10
DD_g652,263,592,256,345087317339528189371737793113851272622555448608519327758126211189964800000000,16,2.00,"[[ 25, 27 ], [ 37, 40 ], [ 48, 49 ], [ 112, 114 ], [ 116, 117 ], [ 119, 121 ], [ 174, 176 ], [ 199, 200 ]]",9
DD_g653,283,714,8,3794275180128377091639574036764685364535950857523710002444946112771297432041422848000,6,2.00,"[[ 50, 52 ], [ 92, 93 ], [ 232, 233 ]]",10
DD_g655,204,513,48,347543371620219691436870662315434823695022102817359349284698780754910878103290577903498071554596207815293492808740774735929348825246852169745007725284163584,10,2.00,"[[ 129, 132 ], [ 144, 177 ], [ 175, 197, 199 ], [ 190, 192 ]]",4
DD_g659,162,460,32,557518629963265578538392956816209037649510400000,10,2.00,"[[ 89, 90 ], [ 123, 124 ], [ 128, 129 ], [ 134, 135 ], [ 140, 142 ]]",9
DD_g663,201,464,64,191561942608236107294793378393788647952342390272950272000000,12,2.00,"[[ 12, 15 ], [ 17, 20 ], [ 68, 71 ], [ 107, 108 ], [ 120, 121 ], [ 164, 166 ]]",9
DD_g664,291,642,384,2359258216931493044912212347354572734775110623923093057996557936902229779663961483498840483416802785251688065419630809799867163346704030277621799395476698620804612764697318977706601245255585674995617466946443334594271903744,16,2.00,"[[ 11, 12 ], [ 60, 61 ], [ 91, 92 ], [ 143, 144 ], [ 184, 185 ], [ 229, 230, 232 ], [ 268, 269 ]]",4
DD_g668,271,658,96,2443498143272746763416806336268785301549515024865417459351109055937758594721452723890396214713557428328824486807324561535205672582876586479919066833867779331316739950655493204798089048374279016389230066663424,12,2.00,"[[ 60, 61 ], [ 225, 228, 226 ], [ 230, 232 ], [ 235, 236 ], [ 244, 246 ]]",4
DD_g672,308,712,8192,984232758517187661100353372573847216752794869657944794335389464067261601939456000000000000,28,2.15,"[[ 41, 44 ], [ 67, 70 ], [ 81, 84 ], [ 86, 89 ], [ 101, 103 ], [ 120, 207 ], [ 187, 191 ], [ 188, 189 ], [ 224, 225 ], [ 245, 248 ], [ 247, 249 ], [ 251, 254 ], [ 295, 297 ], [ 296, 298 ]]",10
DD_g675,236,697,128,4113761393303015105387422956393376262456839664083949658371522560000000,14,2.00,"[[ 2, 3 ], [ 15, 17 ], [ 18, 21 ], [ 149, 150 ], [ 165, 167 ], [ 176, 200 ], [ 201, 203 ]]",10
DD_g679,256,611,64,6901746346790563787434755862277025452451108972170386555162524223799296000000,12,2.00,"[[ 3, 4 ], [ 42, 43 ], [ 51, 52 ], [ 62, 63 ], [ 100, 101 ], [ 125, 128 ]]",9
DD_g690,202,499,64,383123885216472214589586756787577295904684780545900544000000,12,2.00,"[[ 94, 98 ], [ 95, 97 ], [ 119, 121 ], [ 179, 180 ], [ 191, 192 ], [ 197, 199 ]]",9
DD_g696,106,218,8,19807040628566084398385987584000,6,2.00,"[[ 1, 2 ], [ 30, 34 ], [ 71, 72 ]]",8
DD_g700,185,420,16,7482888383134222941202866343507369060638374620037120000,8,2.00,"[[ 39, 43 ], [ 107, 108 ], [ 131, 132 ], [ 178, 179 ]]",9
DD_g701,173,381,4,4676805239458889338251791464692105662898984137523200,4,2.00,"[[ 15, 16 ], [ 104, 105 ]]",9
DD_g706,68,153,2,184467440737095516160,2,2.00,"[[ 1, 3 ]]",7
DD_g716,37,71,4,53687091200,4,2.00,"[[ 14, 15 ], [ 34, 35 ]]",6
DD_g717,157,367,24,180730318668100745576911590461747201357027328256451966843309658448563227566717709435124562936469194432474321697437122560,8,2.00,"[[ 56, 57, 58 ], [ 88, 89 ], [ 135, 137 ]]",3
DD_g720,175,375,64,2854495385411919762116571938898990272765493248000000,12,2.00,"[[ 76, 78 ], [ 77, 79 ], [ 109, 110 ], [ 117, 119 ], [ 128, 130 ], [ 149, 150 ]]",9
DD_g726,231,572,32,329100911464241208430993836511470100996547173126715972669721804800000,10,2.00,"[[ 53, 54 ], [ 83, 84 ], [ 123, 125 ], [ 146, 148 ], [ 147, 149 ]]",9
DD_g730,172,379,2,3741444191567111470601433171753684530319187310018560,2,2.00,"[[ 87, 88 ]]",9
DD_g737,206,537,2,64277521770359611021678483693646504100888119751311713412055040,2,2.00,"[[ 60, 61 ]]",9
DD_g74,124,295,4,8307674973655724205648794126752153600,4,2.00,"[[ 67, 69 ], [ 101, 102 ]]",8
DD_g740,85,180,2,24178516392292583494123520,2,2.00,"[[ 25, 26 ]]",8
DD_g741,117,278,8,40564819207303340847894502572032000,6,2.00,"[[ 6, 9 ], [ 68, 69 ], [ 107, 108 ]]",8
DD_g75,274,619,512,441711766194596082395824375185729628956870974218904739530401550323154944000000000,18,2.00,"[[ 60, 61 ], [ 122, 123 ], [ 168, 170 ], [ 172, 173 ], [ 176, 179 ], [ 192, 194 ], [ 198, 199 ], [ 216, 218 ], [ 223, 224 ]]",9
DD_g751,91,183,2,1547425049106725343623905280,2,2.00,"[[ 31, 33 ]]",8
DD_g756,101,260,4,990352031428304219919299379200,4,2.00,"[[ 58, 101 ], [ 80, 81 ]]",8
DD_g757,160,448,2,913438523331814323877303020447676887284957839360,2,2.00,"[[ 126, 127 ]]",9
DD_g760,136,288,8,21267647932558653966460912964485513216000,6,2.00,"[[ 22, 23 ], [ 83, 84 ], [ 129, 130 ]]",8
DD_g767,109,288,2,405648192073033408478945025720320,2,2.00,"[[ 69, 70 ]]",8
DD_g771,99,249,8,154742504910672534362390528000,6,2.00,"[[ 58, 59 ], [ 65, 66 ], [ 93, 94 ]]",8
DD_g776,345,804,48,18211063726548067515266810269031972904178194788609578449568217244367244058996493945229027455194640917198012056181499349405836517403483217468649946484297813786054244665596695702850262050090711692694830783008428094442396886949363576688200859586741887621932252311584768,10,2.00,"[[ 78, 79, 82 ], [ 240, 243 ], [ 310, 311 ], [ 341, 342 ]]",4
DD_g777,137,358,8,42535295865117307932921825928971026432000,6,2.00,"[[ 22, 23 ], [ 70, 71 ], [ 114, 115 ]]",9
DD_g78,80,177,2,755578637259143234191360,2,2.00,"[[ 35, 36 ]]",8
DD_g783,365,805,128,2799680927722255263196802850710555347652056871543311918624986376204739838975201181726096866589508894720000000,14,2.00,"[[ 24, 25 ], [ 133, 134 ], [ 135, 174 ], [ 142, 143 ], [ 210, 213 ], [ 222, 223 ], [ 259, 261 ]]",10
DD_g784,72,161,2,2951479051793528258560,2,2.00,"[[ 2, 5 ]]",7
DD_g788,251,644,96,668323920675237142448915709234239665271690190433483493488319176748779138259012796385075377050018918393381190604538409905547778121293098158153590806014628397882177731020413804114962568565489664,12,2.00,"[[ 22, 23, 24 ], [ 40, 44 ], [ 64, 67 ], [ 73, 74 ], [ 236, 239 ]]",4
DD_g792,121,288,2,1661534994731144841129758825350430720,2,2.00,"[[ 55, 56 ]]",8
DD_g794,60,129,4,450359962737049600,4,2.00,"[[ 10, 11 ], [ 44, 45 ]]",7
DD_g795,116,269,32,7922816251426433759354395033600000,10,2.00,"[[ 1, 4 ], [ 79, 80 ], [ 87, 88 ], [ 105, 108 ], [ 113, 114 ]]",8
DD_g798,124,305,16,3245185536584267267831560205762560000,8,2.00,"[[ 41, 42 ], [ 87, 88 ], [ 104, 105 ], [ 122, 123 ]]",8
DD_g799,88,207,96,96902100948086126870747147863499447807802962725073610391725015040,12,2.00,"[[ 36, 37 ], [ 43, 46 ], [ 48, 49, 53 ], [ 54, 57 ], [ 69, 70 ]]",3
DD_g80,182,492,384,358334962858244146056160701966981164057857628605810558149312510252659721964429877469025354273901201777176593193013157920186980175345352704,16,2.00,"[[ 8, 9, 11 ], [ 62, 64 ], [ 70, 71 ], [ 113, 114 ], [ 147, 148 ], [ 157, 158 ], [ 177, 178 ]]",4
DD_g803,130,303,32,129807421463370690713262408230502400000,10,2.00,"[[ 33, 34 ], [ 75, 76 ], [ 83, 84 ], [ 87, 88 ], [ 99, 100 ]]",8
DD_g808,110,241,16,198070406285660843983859875840000,8,2.00,"[[ 34, 35 ], [ 37, 39 ], [ 72, 73 ], [ 102, 103 ]]",8
DD_g809,30,73,2,671088640,2,2.00,"[[ 12, 13 ]]",6
DD_g81,292,770,512,115792089237316195423570985008687907853269984665640564039457584007913129639936000000000,18,2.00,"[[ 64, 67 ], [ 69, 72 ], [ 87, 88 ], [ 123, 167 ], [ 134, 135 ], [ 142, 143 ], [ 177, 178 ], [ 231, 232 ], [ 251, 266 ]]",10
DD_g812,72,167,8,1152921504606846976000,6,2.00,"[[ 13, 44 ], [ 26, 28 ], [ 67, 68 ]]",8
DD_g823,135,317,4,17014118346046923173168730371588410572800,4,2.00,"[[ 50, 51 ], [ 129, 130 ]]",8
DD_g825,171,356,8,730750818665451459101842416358141509827966271488000,6,2.00,"[[ 2, 5 ], [ 8, 10 ], [ 67, 68 ]]",9
DD_g828,173,373,8,2923003274661805836407369665432566039311865085952000,6,2.00,"[[ 94, 95 ], [ 127, 128 ], [ 153, 154 ]]",9
DD_g829,117,258,4,64903710731685345356631204115251200,4,2.00,"[[ 87, 88 ], [ 108, 110 ]]",8
DD_g832,157,422,32,17422457186352049329324779900506532426547200000,10,2.00,"[[ 19, 21 ], [ 70, 73 ], [ 81, 84 ], [ 105, 107 ], [ 122, 123 ]]",9
DD_g833,124,307,4,8307674973655724205648794126752153600,4,2.00,"[[ 78, 79 ], [ 94, 99 ]]",8
DD_g842,119,274,128,24758800785707605497982484480000000,14,2.00,"[[ 4, 6 ], [ 34, 37 ], [ 36, 38 ], [ 62, 64 ], [ 69, 71 ], [ 90, 91 ], [ 100, 103 ]]",8
DD_g844,164,413,4,9134385233318143238773030204476768872849578393600,4,2.00,"[[ 52, 53 ], [ 117, 118 ]]",9
DD_g848,195,423,32,4789048565205902682369834459844716198808559756823756800000,10,2.00,"[[ 1, 3 ], [ 97, 99 ], [ 103, 106 ], [ 133, 134 ], [ 155, 157 ]]",9
DD_g852,71,171,2,1475739525896764129280,2,2.00,"[[ 66, 67 ]]",7
DD_g853,70,179,8,288230376151711744000,6,2.00,"[[ 12, 13 ], [ 48, 49 ], [ 69, 70 ]]",8
DD_g854,252,573,2,4523128485832663883733241601901871400518358776001584532791311875309106626560,2,2.00,"[[ 174, 175 ]]",9
DD_g862,236,573,64,6582018229284824168619876730229402019930943462534319453394436096000000,12,2.00,"[[ 1, 3 ], [ 7, 9 ], [ 29, 30 ], [ 40, 41 ], [ 84, 86 ], [ 183, 184 ]]",9
DD_g864,114,284,16,3169126500570573503741758013440000,8,2.00,"[[ 18, 19 ], [ 57, 58 ], [ 77, 78 ], [ 110, 114 ]]",8
DD_g865,102,216,2,3169126500570573503741758013440,2,2.00,"[[ 94, 95 ]]",8
DD_g868,122,308,4,2076918743413931051412198531688038400,4,2.00,"[[ 23, 24 ], [ 83, 84 ]]",8
DD_g87,291,667,4,1554135113780583256735569525458815125313925471241711617001449927791123428164166798540800,4,2.00,"[[ 155, 156 ], [ 252, 253 ]]",9
DD_g872,211,491,256,76624777043294442917917351357515459180936956109180108800000000,16,2.00,"[[ 2, 4 ], [ 6, 7 ], [ 34, 35 ], [ 71, 74 ], [ 93, 94 ], [ 108, 109 ], [ 136, 137 ], [ 188, 190 ]]",9
DD_g873,259,714,16,141347765182270746366663800059433481266198711750049516649728496103409582080000,8,2.00,"[[ 15, 16 ], [ 27, 39 ], [ 30, 40 ], [ 202, 203 ]]",10
DD_g881,160,354,8,356811923176489970264571492362373784095686656000,6,2.00,"[[ 41, 44 ], [ 76, 77 ], [ 93, 94 ]]",9
DD_g886,254,594,128,1078397866686025591786680603480785226945485776901622899244144409968640000000,14,2.00,"[[ 3, 6 ], [ 27, 31 ], [ 94, 95 ], [ 97, 99 ], [ 109, 111 ], [ 132, 133 ], [ 248, 249 ]]",9
DD_g890,188,504,16,59863107065073783529622930748058952485106996960296960000,8,2.00,"[[ 46, 49 ], [ 56, 57 ], [ 90, 93 ], [ 94, 96 ]]",9
DD_g891,91,193,8,604462909807314587353088000,6,2.00,"[[ 33, 37 ], [ 57, 60 ], [ 83, 84 ]]",8
DD_g897,217,469,24,8832955395932108039081933376358624280926094678054957064256073454005871851868029513128253068140895987661311294490607264498784111631617244989508045613037898934352084992,8,2.00,"[[ 35, 38 ], [ 108, 110 ], [ 114, 115, 116 ]]",3
DD_g901,263,621,768,197428430582710972135397900194601976558928159135540409036731688185846740751402026742154032210631947540442478837532485539670932578317312663941131070861888101830777059835723408479843060627328824214814720,18,2.00,"[[ 25, 27 ], [ 29, 34 ], [ 97, 98 ], [ 210, 211 ], [ 222, 225, 226 ], [ 236, 238 ], [ 246, 247 ], [ 251, 252 ]]",4
DD_g907,74,159,8,4611686018427387904000,6,2.00,"[[ 39, 41 ], [ 56, 57 ], [ 58, 59 ]]",8
DD_g91,336,795,64,8343699359066055009355553539724812947666814540455674882605631280555545803830627148527195652096000000,12,2.00,"[[ 43, 44 ], [ 61, 64 ], [ 62, 65 ], [ 94, 97 ], [ 184, 187 ], [ 331, 332 ]]",10
DD_g911,182,474,128,228359630832953580969325755111919221821239459840000000,14,2.00,"[[ 29, 30 ], [ 60, 62 ], [ 81, 83 ], [ 90, 91 ], [ 113, 116 ], [ 117, 118 ], [ 179, 180 ]]",9
DD_g916,59,134,4,225179981368524800,4,2.00,"[[ 1, 2 ], [ 40, 41 ]]",7
DD_g917,262,547,8,1809251394333065553493296640760748560207343510400633813116524750123642650624000,6,2.00,"[[ 167, 168 ], [ 229, 230 ], [ 237, 240 ]]",9
DD_g920,237,504,288,105466917653596702192420797320655397462854764712559766978116256596048757834227552783198473858587327999305432100557742685163813933486298204002097687546620052656030655233147130782152598671832952538385150702505750485330585041231743380569018164818401531590542755124309183623210058421316773478400,14,2.00,"[[ 12, 14 ], [ 83, 85 ], [ 208, 209, 210 ], [ 221, 222 ], [ 223, 224, 225 ]]",2
DD_g921,74,224,2,11805916207174113034240,2,2.00,"[[ 70, 72 ]]",8
DD_g931,221,664,2,2106245833371143733958360553673408646377901908010982225086219550720,2,2.00,"[[ 206, 207 ]]",9
DD_g936,151,396,2,1784059615882449851322857461811868920478433280,2,2.00,"[[ 47, 48 ]]",9
DD_g937,132,315,64,324518553658426726783156020576256000000,12,2.00,"[[ 3, 4 ], [ 11, 12 ], [ 41, 42 ], [ 44, 45 ], [ 116, 117 ], [ 122, 123 ]]",9
DD_g940,153,393,16,1742245718635204932932477990050653242654720000,8,2.00,"[[ 51, 52 ], [ 88, 89 ], [ 124, 125 ], [ 140, 141 ]]",9
DD_g941,162,376,32,557518629963265578538392956816209037649510400000,10,2.00,"[[ 5, 7 ], [ 16, 17 ], [ 121, 122 ], [ 134, 135 ], [ 139, 140 ]]",9
DD_g950,196,424,32,9578097130411805364739668919689432397617119513647513600000,10,2.00,"[[ 55, 58 ], [ 145, 146 ], [ 147, 149 ], [ 182, 183 ], [ 185, 186 ]]",9
DD_g956,237,540,4,86271829334882047342934448278462818155638862152129831939531552797491200,4,2.00,"[[ 96, 100 ], [ 228, 229 ]]",9
DD_g961,192,464,64,374144419156711147060143317175368453031918731001856000000,12,2.00,"[[ 2, 4 ], [ 47, 48 ], [ 67, 68 ], [ 95, 96 ], [ 100, 103 ], [ 165, 168 ]]",9
DD_g966,169,471,16,114179815416476790484662877555959610910619729920000,8,2.00,"[[ 27, 29 ], [ 67, 70 ], [ 82, 85 ], [ 99, 103 ]]",9
DD_g97,212,494,8,1606938044258990275541962092341162602522202993782792835301376000,6,2.00,"[[ 16, 19 ], [ 26, 27 ], [ 189, 190 ]]",9
DD_g970,162,346,64,348449143727040986586495598010130648530944000000,12,2.00,"[[ 68, 70 ], [ 69, 72 ], [ 98, 99 ], [ 105, 107 ], [ 112, 113 ], [ 161, 162 ]]",9
DD_g976,113,352,4,4056481920730334084789450257203200,4,2.00,"[[ 93, 97 ], [ 110, 112 ]]",9
DD_g977,125,295,2,26584559915698317458076141205606891520,2,2.00,"[[ 25, 26 ]]",8
DD_g982,149,412,4,278759314981632789269196478408104518824755200,4,2.00,"[[ 103, 105 ], [ 145, 146 ]]",9
DD_g983,172,418,16,913438523331814323877303020447676887284957839360000,8,2.00,"[[ 12, 13 ], [ 68, 154 ], [ 75, 77 ], [ 171, 172 ]]",9
DD_g985,238,552,16,67399866667876599486667537717549076684092861056351431202759025623040000,8,2.00,"[[ 63, 64 ], [ 65, 66 ], [ 124, 125 ], [ 153, 154 ]]",9
DD_g989,56,179,4,28147497671065600,4,2.00,"[[ 7, 9 ], [ 47, 48 ]]",8
DD_g994,97,209,12,7195927244531673509405963460402637192514883772759621925097260721616453632,6,2.00,"[[ 40, 43, 44 ], [ 73, 75 ]]",3
DD_g995,103,287,16,1547425049106725343623905280000,8,2.00,"[[ 7, 8 ], [ 65, 66 ], [ 81, 83 ], [ 90, 91 ]]",8
DD_g999,114,336,4,8112963841460668169578900514406400,4,2.00,"[[ 58, 59 ], [ 65, 68 ]]",8
ENZYMES_g100,5,9,12,23,6,2.00,"[[ 1, 5 ], [ 2, 3, 4 ]]",4
ENZYMES_g101,45,88,4,11682311045120,6,3.00,"[[ 3, 18 ], [ 4, 19 ], [ 37, 45 ]]",7
ENZYMES_g106,17,30,8,32000,6,2.00,"[[ 3, 4 ], [ 5, 6 ], [ 8, 16 ]]",6
ENZYMES_g110,16,29,32,6250,10,2.00,"[[ 2, 3 ], [ 4, 5 ], [ 6, 14 ], [ 7, 15 ], [ 8, 16 ]]",6
ENZYMES_g116,42,74,128,163840000000,14,2.00,"[[ 1, 24 ], [ 11, 42 ], [ 13, 19 ], [ 14, 31 ], [ 16, 23 ], [ 17, 26 ], [ 21, 37 ]]",7
ENZYMES_g117,46,90,2,37383395344384,4,4.00,"[[ 7, 19 ], [ 26, 37 ]]",7
ENZYMES_g12,14,28,4,6400,4,2.00,"[[ 5, 9 ], [ 10, 14 ]]",5
ENZYMES_g120,22,46,2,2621440,2,2.00,"[[ 5, 10 ]]",6
ENZYMES_g121,42,82,8,912680550400,8,2.67,"[[ 22, 30 ], [ 25, 33 ], [ 27, 35 ], [ 39, 41 ]]",7
ENZYMES_g126,32,47,2,2155872256,8,8.00,"[[ 3, 13 ], [ 8, 18 ], [ 11, 21 ], [ 23, 28 ]]",6
ENZYMES_g13,42,75,128,163840000000,14,2.00,"[[ 1, 28 ], [ 2, 27 ], [ 4, 26 ], [ 10, 39 ], [ 12, 13 ], [ 16, 42 ], [ 24, 25 ]]",7
ENZYMES_g130,14,25,384,70569696151,14,2.00,"[[ 2, 11 ], [ 3, 10 ], [ 4, 6, 7, 5 ], [ 9, 12 ], [ 13, 14 ]]",2
ENZYMES_g136,3,3,6,2,4,2.00,"[[ 1, 2, 3 ]]",5
ENZYMES_g137,22,40,36,1093079246995878707200,8,2.00,"[[ 1, 18, 19 ], [ 10, 11, 12 ]]",2
ENZYMES_g140,13,28,4,3200,4,2.00,"[[ 5, 13 ], [ 7, 8 ]]",5
ENZYMES_g141,12,24,2,2560,2,2.00,"[[ 3, 8 ]]",5
ENZYMES_g147,40,84,2,584115552256,4,4.00,"[[ 22, 30 ], [ 24, 32 ]]",7
ENZYMES_g15,36,64,96,3330184544823466245750784,12,2.00,"[[ 1, 19 ], [ 6, 7 ], [ 12, 36 ], [ 17, 18, 32 ], [ 20, 25 ]]",3
ENZYMES_g151,22,40,12,304937958839637,8,2.67,"[[ 1, 13, 21 ], [ 8, 16 ], [ 10, 18 ]]",2
ENZYMES_g156,12,22,8,1000,6,2.00,"[[ 1, 3 ], [ 5, 9 ], [ 7, 11 ]]",5
ENZYMES_g157,8,15,8,546,10,5.00,"[[ 1, 2 ], [ 3, 7 ], [ 4, 8, 6, 5 ]]",3
ENZYMES_g160,22,48,4,1392640,6,3.00,"[[ 8, 21 ], [ 10, 19 ], [ 13, 16 ]]",6
ENZYMES_g161,22,42,24,152468981952333,18,4.50,"[[ 1, 13, 21 ], [ 2, 5 ], [ 3, 6 ], [ 8, 16 ], [ 9, 17 ], [ 10, 18 ], [ 11, 19 ], [ 14, 22 ]]",3
ENZYMES_g167,43,94,4,3435973836800,4,2.00,"[[ 15, 38 ], [ 26, 27 ]]",7
ENZYMES_g171,48,99,2,175921860444160,2,2.00,"[[ 24, 25 ]]",7
ENZYMES_g176,48,96,4,109951162777600,4,2.00,"[[ 19, 43 ], [ 31, 40 ]]",7
ENZYMES_g183,42,94,4,1374389616640,26,13.00,"[[ 5, 17 ], [ 6, 18 ], [ 7, 19 ], [ 8, 20 ], [ 9, 21 ], [ 10, 22 ], [ 11, 23 ], [ 12, 24 ], [ 25, 34 ], [ 29, 38 ], [ 30, 39 ], [ 31, 40 ], [ 32, 41 ]]",7
ENZYMES_g188,20,39,8,256000,6,2.00,"[[ 4, 5 ], [ 10, 18 ], [ 19, 20 ]]",6
ENZYMES_g19,2,1,2,2,2,2.00,"[[ 1, 2 ]]",0
ENZYMES_g192,31,66,2,1342177280,2,2.00,"[[ 9, 30 ]]",6
ENZYMES_g194,46,100,4,22333829939200,8,4.00,"[[ 9, 18 ], [ 25, 39 ], [ 30, 44 ], [ 32, 46 ]]",7
ENZYMES_g195,47,92,16,15515569356800,12,3.00,"[[ 9, 19 ], [ 10, 20 ], [ 26, 40 ], [ 30, 44 ], [ 31, 45 ], [ 33, 47 ]]",7
ENZYMES_g199,62,108,512,39395000320000000,26,2.89,"[[ 4, 11 ], [ 7, 14 ], [ 17, 25 ], [ 18, 42 ], [ 20, 44 ], [ 21, 45 ], [ 22, 46 ], [ 31, 55 ], [ 32, 56 ], [ 33, 57 ], [ 34, 58 ], [ 35, 59 ], [ 38, 62 ]]",8
ENZYMES_g203,56,100,2,45035996273704960,2,2.00,"[[ 22, 31 ]]",7
ENZYMES_g204,57,105,2,90071992547409920,2,2.00,"[[ 23, 32 ]]",7
ENZYMES_g205,27,61,2,83886080,2,2.00,"[[ 13, 23 ]]",6
ENZYMES_g208,23,50,24,965576584937472,8,2.00,"[[ 7, 15 ], [ 10, 18 ], [ 12, 20, 21 ]]",3
ENZYMES_g209,57,101,2,90071992547409920,2,2.00,"[[ 23, 32 ]]",7
ENZYMES_g212,23,47,12,1878956551831552,6,2.00,"[[ 10, 18 ], [ 12, 20, 21 ]]",3
ENZYMES_g213,25,55,2,20971520,2,2.00,"[[ 11, 19 ]]",6
ENZYMES_g215,48,104,2,149533581377536,4,4.00,"[[ 13, 21 ], [ 25, 37 ]]",7
ENZYMES_g219,29,64,8,131072000,6,2.00,"[[ 6, 7 ], [ 21, 27 ], [ 28, 29 ]]",6
ENZYMES_g223,40,79,48,8398543413736009923347611648,10,2.00,"[[ 1, 2, 3 ], [ 5, 6 ], [ 13, 14 ], [ 30, 31 ]]",3
ENZYMES_g224,54,105,2,11258999068426240,2,2.00,"[[ 33, 34 ]]",7
ENZYMES_g225,18,35,8,64000,6,2.00,"[[ 1, 2 ], [ 11, 18 ], [ 12, 17 ]]",6
ENZYMES_g229,23,50,8,2048000,6,2.00,"[[ 9, 10 ], [ 12, 13 ], [ 15, 16 ]]",6
ENZYMES_g23,39,81,8,134217728000,6,2.00,"[[ 12, 13 ], [ 16, 29 ], [ 27, 28 ]]",7
ENZYMES_g232,29,65,2,335544320,2,2.00,"[[ 17, 18 ]]",6
ENZYMES_g233,39,71,8,134217728000,6,2.00,"[[ 12, 13 ], [ 17, 18 ], [ 28, 29 ]]",6
ENZYMES_g235,36,71,128,1485460000,24,3.43,"[[ 1, 14 ], [ 7, 20 ], [ 8, 21 ], [ 9, 22 ], [ 10, 23 ], [ 11, 24 ], [ 12, 25 ], [ 13, 26 ], [ 27, 36 ], [ 28, 35 ], [ 29, 34 ], [ 31, 32 ]]",7
ENZYMES_g239,18,40,2,163840,2,2.00,"[[ 1, 10 ]]",6
ENZYMES_g24,42,92,4,1717986918400,4,2.00,"[[ 1, 22 ], [ 32, 33 ]]",7
ENZYMES_g242,32,61,32,348160000,12,2.40,"[[ 1, 21 ], [ 2, 25 ], [ 8, 9 ], [ 10, 11 ], [ 23, 30 ], [ 27, 32 ]]",7
ENZYMES_g244,28,62,12,14610108815573866496,6,2.00,"[[ 3, 4 ], [ 16, 18, 19 ]]",3
ENZYMES_g245,40,88,32,104857600000,10,2.00,"[[ 17, 18 ], [ 19, 24 ], [ 20, 21 ], [ 28, 29 ], [ 33, 34 ]]",7
ENZYMES_g248,28,48,64,13600000,14,2.33,"[[ 1, 15 ], [ 2, 16 ], [ 3, 17 ], [ 4, 18 ], [ 5, 19 ], [ 13, 27 ], [ 14, 28 ]]",7
ENZYMES_g249,29,52,128,14450000,18,2.57,"[[ 1, 7 ], [ 2, 8 ], [ 3, 9 ], [ 12, 21 ], [ 13, 22 ], [ 15, 24 ], [ 16, 25 ], [ 19, 28 ], [ 20, 29 ]]",7
ENZYMES_g25,41,88,8,536870912000,6,2.00,"[[ 1, 21 ], [ 4, 5 ], [ 40, 41 ]]",7
ENZYMES_g252,32,60,32,409600000,10,2.00,"[[ 5, 6 ], [ 17, 18 ], [ 19, 22 ], [ 29, 30 ], [ 31, 32 ]]",7
ENZYMES_g253,35,66,2,21474836480,2,2.00,"[[ 8, 9 ]]",6
ENZYMES_g258,19,36,144,47159658171754624,12,2.00,"[[ 1, 2, 3 ], [ 5, 6, 7 ], [ 10, 11 ], [ 15, 16 ]]",2
ENZYMES_g262,25,51,24,34759722668982272,8,2.00,"[[ 1, 2, 3 ], [ 6, 8 ], [ 17, 18 ]]",3
ENZYMES_g264,24,48,24,5793356070311253,8,2.00,"[[ 1, 2, 3 ], [ 6, 8 ], [ 18, 19 ]]",3
ENZYMES_g265,24,49,2,10485760,2,2.00,"[[ 1, 16 ]]",6
ENZYMES_g268,33,71,6,221074111874318890696704,4,2.00,"[[ 19, 20, 21 ]]",3
ENZYMES_g269,34,73,24,350289795740147031998464,8,2.00,"[[ 14, 15 ], [ 16, 17 ], [ 20, 21, 22 ]]",3
ENZYMES_g272,44,78,18432,41329595274288678341200612727469042673995005034496,40,3.33,"[[ 1, 14 ], [ 3, 16 ], [ 4, 17 ], [ 5, 18 ], [ 6, 19 ], [ 7, 20 ], [ 8, 21 ], [ 9, 22 ], [ 10, 23 ], [ 11, 12, 25, 26, 24, 13 ], [ 29, 38 ], [ 31, 40 ], [ 32, 41 ], [ 33, 42 ], [ 34, 43 ]]",2
ENZYMES_g273,40,84,96,4315918151364777427416907776,12,2.00,"[[ 1, 14, 23 ], [ 3, 25 ], [ 11, 34 ], [ 13, 24 ], [ 20, 33 ]]",3
ENZYMES_g274,40,73,576,2712732204541413579908315584330681756418048,18,2.25,"[[ 1, 19 ], [ 2, 20 ], [ 3, 21 ], [ 4, 22 ], [ 5, 23 ], [ 16, 17, 18 ], [ 33, 34, 35 ]]",2
ENZYMES_g278,44,85,8,4294967296000,6,2.00,"[[ 27, 36 ], [ 34, 43 ], [ 35, 44 ]]",7
ENZYMES_g28,23,49,4,3276800,4,2.00,"[[ 2, 3 ], [ 17, 18 ]]",6
ENZYMES_g281,16,32,24,3452252373,8,2.00,"[[ 1, 2 ], [ 5, 6 ], [ 12, 13, 14 ]]",3
ENZYMES_g286,42,82,384,41031192840153926766537211904,16,2.00,"[[ 1, 2 ], [ 13, 14 ], [ 15, 29 ], [ 18, 23 ], [ 21, 25, 26 ], [ 31, 39 ], [ 32, 40 ]]",3
ENZYMES_g287,43,83,768,126512843505302396254231199744,18,2.00,"[[ 1, 2 ], [ 3, 4 ], [ 6, 7 ], [ 12, 13 ], [ 14, 30 ], [ 20, 24, 27 ], [ 32, 40 ], [ 33, 41 ]]",3
ENZYMES_g29,22,47,4,1638400,4,2.00,"[[ 2, 3 ], [ 16, 17 ]]",6
ENZYMES_g290,38,74,192,61608404283787635089997824,14,2.00,"[[ 1, 22 ], [ 7, 32 ], [ 8, 33 ], [ 16, 17 ], [ 19, 20, 21 ], [ 34, 35 ]]",3
ENZYMES_g291,62,104,64,233646220902400000,14,2.33,"[[ 16, 40 ], [ 17, 41 ], [ 18, 42 ], [ 19, 43 ], [ 21, 45 ], [ 30, 54 ], [ 31, 55 ]]",7
ENZYMES_g300,49,93,32,45634027520000,12,2.40,"[[ 18, 34 ], [ 21, 37 ], [ 22, 38 ], [ 23, 39 ], [ 24, 40 ], [ 28, 44 ]]",7
ENZYMES_g307,50,92,4,439804651110400,4,2.00,"[[ 5, 22 ], [ 15, 16 ]]",7
ENZYMES_g316,44,90,16,2281701376000,10,2.50,"[[ 5, 6 ], [ 8, 19 ], [ 16, 17 ], [ 30, 40 ], [ 31, 41 ]]",7
ENZYMES_g317,31,64,8,524288000,6,2.00,"[[ 17, 24 ], [ 18, 25 ], [ 29, 31 ]]",6
ENZYMES_g32,38,79,128,8704000000,16,2.29,"[[ 1, 2 ], [ 3, 4 ], [ 13, 14 ], [ 17, 18 ], [ 20, 23 ], [ 22, 37 ], [ 24, 25 ], [ 27, 28 ]]",7
ENZYMES_g320,38,53,4,70883737600,12,6.00,"[[ 2, 4 ], [ 7, 24 ], [ 8, 25 ], [ 12, 29 ], [ 15, 32 ], [ 16, 33 ]]",6
ENZYMES_g321,21,42,64,106250,14,2.33,"[[ 1, 12 ], [ 2, 3 ], [ 8, 9 ], [ 10, 11 ], [ 13, 14 ], [ 15, 17 ], [ 19, 20 ]]",7
ENZYMES_g327,49,94,32,53687091200000,10,2.00,"[[ 1, 16 ], [ 9, 10 ], [ 24, 25 ], [ 33, 42 ], [ 40, 49 ]]",7
ENZYMES_g33,39,82,8,134217728000,6,2.00,"[[ 18, 19 ], [ 22, 23 ], [ 28, 29 ]]",7
ENZYMES_g331,23,48,16,1280000,8,2.00,"[[ 7, 8 ], [ 10, 11 ], [ 12, 19 ], [ 21, 22 ]]",6
ENZYMES_g336,28,52,8,65536000,6,2.00,"[[ 10, 11 ], [ 17, 18 ], [ 20, 21 ]]",6
ENZYMES_g337,28,54,8,65536000,6,2.00,"[[ 11, 12 ], [ 16, 17 ], [ 20, 21 ]]",6
ENZYMES_g340,28,49,192,416945545106163358498816,24,3.43,"[[ 2, 3 ], [ 8, 20 ], [ 9, 21 ], [ 10, 11, 23, 22 ], [ 12, 24 ], [ 14, 15, 16 ], [ 25, 27 ], [ 26, 28 ]]",2
ENZYMES_g341,28,54,16,40960000,8,2.00,"[[ 10, 11 ], [ 15, 16 ], [ 19, 20 ], [ 24, 26 ]]",6
ENZYMES_g346,39,67,8,134217728000,6,2.00,"[[ 1, 2 ], [ 12, 34 ], [ 38, 39 ]]",6
ENZYMES_g35,23,44,8,2048000,6,2.00,"[[ 1, 14 ], [ 8, 23 ], [ 9, 10 ]]",6
ENZYMES_g350,38,71,4,107374182400,4,2.00,"[[ 21, 22 ], [ 29, 30 ]]",6
ENZYMES_g356,27,56,8,27852800,8,2.67,"[[ 6, 9 ], [ 11, 20 ], [ 24, 26 ], [ 25, 27 ]]",6
ENZYMES_g357,34,62,128,544000000,16,2.29,"[[ 15, 27 ], [ 16, 28 ], [ 17, 29 ], [ 18, 30 ], [ 19, 31 ], [ 20, 32 ], [ 21, 33 ], [ 22, 34 ]]",7
ENZYMES_g360,26,54,2,41943040,2,2.00,"[[ 16, 21 ]]",6
ENZYMES_g361,28,59,2,167772160,2,2.00,"[[ 15, 16 ]]",6
ENZYMES_g366,42,76,128,118374400000,18,2.57,"[[ 1, 13 ], [ 3, 15 ], [ 4, 16 ], [ 10, 11 ], [ 23, 33 ], [ 26, 36 ], [ 27, 37 ], [ 28, 38 ], [ 30, 40 ]]",7
ENZYMES_g367,15,25,4,10880,6,3.00,"[[ 7, 12 ], [ 8, 13 ], [ 9, 14 ]]",5
ENZYMES_g370,12,24,32,332,12,2.40,"[[ 1, 2 ], [ 3, 8 ], [ 4, 9 ], [ 5, 10 ], [ 6, 11 ], [ 7, 12 ]]",7
ENZYMES_g376,12,22,4,1600,4,2.00,"[[ 5, 9 ], [ 7, 11 ]]",5
ENZYMES_g377,36,70,96,3330184544823466245750784,12,2.00,"[[ 4, 21 ], [ 19, 23 ], [ 20, 25 ], [ 22, 26 ], [ 27, 28, 29 ]]",3
ENZYMES_g383,27,52,32,12800000,10,2.00,"[[ 8, 9 ], [ 12, 13 ], [ 14, 15 ], [ 16, 27 ], [ 23, 25 ]]",7
ENZYMES_g385,16,29,128,2075,16,2.29,"[[ 1, 2 ], [ 3, 10 ], [ 4, 11 ], [ 5, 12 ], [ 6, 13 ], [ 7, 14 ], [ 8, 15 ], [ 9, 16 ]]",7
ENZYMES_g389,28,55,16,40960000,8,2.00,"[[ 1, 16 ], [ 3, 19 ], [ 7, 8 ], [ 14, 15 ]]",6
ENZYMES_g39,24,43,48,2977144905598293,10,2.00,"[[ 1, 11 ], [ 8, 9, 10 ], [ 16, 17 ], [ 19, 20 ]]",3
ENZYMES_g393,15,28,4,12800,4,2.00,"[[ 1, 8 ], [ 4, 15 ]]",5
ENZYMES_g394,11,22,4,800,4,2.00,"[[ 2, 9 ], [ 3, 11 ]]",5
ENZYMES_g395,50,98,16,116851631718400,20,5.00,"[[ 4, 20 ], [ 5, 21 ], [ 6, 22 ], [ 7, 23 ], [ 15, 32 ], [ 27, 28 ], [ 36, 45 ], [ 38, 47 ], [ 39, 48 ], [ 40, 49 ]]",7
ENZYMES_g398,14,23,16,2125,10,2.50,"[[ 1, 3 ], [ 5, 10 ], [ 6, 11 ], [ 7, 12 ], [ 8, 13 ]]",6
ENZYMES_g399,21,43,2,1310720,2,2.00,"[[ 11, 12 ]]",6
ENZYMES_g4,24,45,48,2977144905598293,10,2.00,"[[ 1, 19 ], [ 5, 24 ], [ 12, 21 ], [ 15, 16, 17 ]]",3
ENZYMES_g402,25,51,4,13107200,4,2.00,"[[ 1, 8 ], [ 17, 22 ]]",6
ENZYMES_g403,28,57,4,85196800,8,4.00,"[[ 2, 8 ], [ 16, 23 ], [ 17, 24 ], [ 18, 25 ]]",6
ENZYMES_g405,29,50,128,14450000,18,2.57,"[[ 1, 11 ], [ 2, 12 ], [ 3, 13 ], [ 6, 15 ], [ 7, 16 ], [ 10, 19 ], [ 20, 25 ], [ 21, 26 ], [ 22, 27 ]]",7
ENZYMES_g409,32,60,8,1048576000,6,2.00,"[[ 7, 8 ], [ 15, 17 ], [ 21, 29 ]]",6
ENZYMES_g413,38,79,576,8372551558116108600323502790567593508864,20,2.50,"[[ 2, 12 ], [ 8, 9, 10 ], [ 17, 18, 19 ], [ 20, 23 ], [ 21, 22 ], [ 24, 32 ], [ 25, 33 ], [ 26, 34 ]]",2
ENZYMES_g414,37,73,2,85899345920,2,2.00,"[[ 21, 22 ]]",6
ENZYMES_g415,34,76,4,4634705920,10,5.00,"[[ 7, 16 ], [ 8, 17 ], [ 9, 18 ], [ 20, 28 ], [ 26, 34 ]]",7
ENZYMES_g418,41,76,1536,1805931839410840377803931648,20,2.00,"[[ 1, 2, 3 ], [ 6, 7 ], [ 9, 29 ], [ 10, 11 ], [ 13, 14 ], [ 18, 19 ], [ 26, 27 ], [ 32, 34 ], [ 37, 38 ]]",3
ENZYMES_g419,27,51,16,17408000,10,2.50,"[[ 1, 7 ], [ 2, 8 ], [ 12, 20 ], [ 13, 21 ], [ 14, 22 ]]",6
ENZYMES_g42,45,97,16,4563402752000,10,2.50,"[[ 13, 25 ], [ 26, 37 ], [ 34, 43 ], [ 35, 44 ], [ 36, 45 ]]",7
ENZYMES_g423,20,38,16,136000,10,2.50,"[[ 4, 12 ], [ 5, 13 ], [ 6, 14 ], [ 7, 15 ], [ 8, 16 ]]",6
ENZYMES_g425,21,39,8,512000,6,2.00,"[[ 9, 16 ], [ 10, 17 ], [ 12, 19 ]]",6
ENZYMES_g429,28,54,4,104857600,4,2.00,"[[ 9, 18 ], [ 21, 26 ]]",6
ENZYMES_g433,22,46,4,1638400,4,2.00,"[[ 14, 19 ], [ 20, 22 ]]",6
ENZYMES_g434,43,70,2,5497558138880,2,2.00,"[[ 31, 43 ]]",6
ENZYMES_g44,45,95,16,4563402752000,10,2.50,"[[ 13, 25 ], [ 26, 37 ], [ 34, 43 ], [ 35, 44 ], [ 36, 45 ]]",7
ENZYMES_g442,44,95,2,10995116277760,2,2.00,"[[ 27, 31 ]]",7
ENZYMES_g443,39,76,2,343597383680,2,2.00,"[[ 5, 30 ]]",6
ENZYMES_g444,39,79,2,343597383680,2,2.00,"[[ 2, 25 ]]",6
ENZYMES_g45,46,97,16,9126805504000,10,2.50,"[[ 13, 26 ], [ 27, 38 ], [ 35, 44 ], [ 36, 45 ], [ 37, 46 ]]",7
ENZYMES_g452,34,54,4,5704253440,6,3.00,"[[ 16, 30 ], [ 19, 33 ], [ 20, 34 ]]",6
ENZYMES_g454,20,39,8,256000,6,2.00,"[[ 12, 18 ], [ 13, 19 ], [ 14, 20 ]]",6
ENZYMES_g455,19,37,16,80000,8,2.00,"[[ 10, 16 ], [ 11, 17 ], [ 12, 18 ], [ 13, 19 ]]",6
ENZYMES_g458,15,29,8,8000,6,2.00,"[[ 6, 11 ], [ 7, 12 ], [ 8, 13 ]]",6
ENZYMES_g462,15,30,8,8000,6,2.00,"[[ 6, 11 ], [ 7, 12 ], [ 8, 13 ]]",6
ENZYMES_g463,14,26,4,6400,4,2.00,"[[ 8, 12 ], [ 9, 11 ]]",5
ENZYMES_g464,20,45,4,409600,4,2.00,"[[ 1, 2 ], [ 9, 20 ]]",6
ENZYMES_g468,20,37,64,45156,16,2.67,"[[ 1, 4 ], [ 3, 6 ], [ 8, 15 ], [ 9, 16 ], [ 10, 17 ], [ 11, 18 ], [ 12, 19 ], [ 13, 20 ]]",7
ENZYMES_g472,46,93,9216,19464015473453583890104554626397762104942917545554798968832,28,2.55,"[[ 2, 3 ], [ 6, 7 ], [ 9, 10, 41, 35 ], [ 11, 36 ], [ 14, 15 ], [ 19, 22, 28 ], [ 23, 29 ], [ 24, 30 ], [ 34, 40, 46 ], [ 42, 43 ]]",2
ENZYMES_g474,24,45,2,10485760,2,2.00,"[[ 1, 5 ]]",6
ENZYMES_g475,12,23,4,1600,4,2.00,"[[ 2, 3 ], [ 5, 9 ]]",5
ENZYMES_g478,20,38,16,136000,10,2.50,"[[ 8, 15 ], [ 9, 16 ], [ 11, 18 ], [ 12, 19 ], [ 13, 20 ]]",6
ENZYMES_g479,28,49,64,13600000,14,2.33,"[[ 13, 22 ], [ 14, 23 ], [ 15, 24 ], [ 16, 25 ], [ 17, 26 ], [ 18, 27 ], [ 19, 28 ]]",7
ENZYMES_g48,32,57,48,5000282826076112027648,10,2.00,"[[ 1, 2 ], [ 3, 21 ], [ 5, 18 ], [ 15, 16, 30 ]]",3
ENZYMES_g480,24,38,32,939250,18,3.60,"[[ 1, 5 ], [ 4, 8 ], [ 9, 17 ], [ 10, 18 ], [ 11, 19 ], [ 12, 20 ], [ 13, 21 ], [ 14, 22 ], [ 15, 23 ]]",6
ENZYMES_g481,12,24,8,1000,6,2.00,"[[ 1, 2 ], [ 4, 9 ], [ 11, 12 ]]",6
ENZYMES_g487,15,27,24,575639872,8,2.00,"[[ 1, 3, 4 ], [ 5, 10 ], [ 8, 14 ]]",2
ENZYMES_g49,33,64,48,30001682551387633745920,10,2.00,"[[ 3, 4 ], [ 6, 19 ], [ 16, 17, 31 ], [ 27, 28 ]]",3
ENZYMES_g491,38,70,1024,7930760315045671936,20,2.22,"[[ 1, 21 ], [ 5, 6 ], [ 9, 24 ], [ 19, 28 ], [ 26, 27 ], [ 30, 32 ], [ 33, 34, 38, 35 ], [ 36, 37 ]]",4
ENZYMES_g496,42,76,96,155373048433863382624068698112,12,2.00,"[[ 1, 23 ], [ 10, 27 ], [ 22, 30 ], [ 37, 39 ], [ 38, 40, 42 ]]",3
ENZYMES_g497,41,78,8,536870912000,6,2.00,"[[ 9, 22 ], [ 30, 31 ], [ 35, 41 ]]",7
ENZYMES_g5,23,45,32,800000,10,2.00,"[[ 1, 2 ], [ 6, 19 ], [ 12, 22 ], [ 15, 16 ], [ 17, 18 ]]",6
ENZYMES_g506,22,49,2,2621440,2,2.00,"[[ 14, 22 ]]",6
ENZYMES_g510,29,65,2,335544320,2,2.00,"[[ 21, 22 ]]",6
ENZYMES_g511,30,67,4,419430400,4,2.00,"[[ 1, 2 ], [ 20, 21 ]]",6
ENZYMES_g517,50,89,256,18104320000000,22,2.75,"[[ 3, 13 ], [ 4, 14 ], [ 5, 15 ], [ 22, 37 ], [ 23, 38 ], [ 24, 39 ], [ 25, 40 ], [ 29, 44 ], [ 30, 45 ], [ 34, 49 ], [ 35, 50 ]]",7
ENZYMES_g52,39,85,8,134217728000,6,2.00,"[[ 2, 3 ], [ 26, 27 ], [ 37, 38 ]]",7
ENZYMES_g521,35,79,8,8388608000,6,2.00,"[[ 16, 17 ], [ 30, 33 ], [ 34, 35 ]]",7
ENZYMES_g530,42,83,2,2201170739200,10,10.00,"[[ 11, 24 ], [ 12, 25 ], [ 13, 26 ], [ 30, 38 ], [ 31, 39 ]]",7
ENZYMES_g531,40,82,4,275146343425,38,19.00,"[[ 2, 14 ], [ 3, 15 ], [ 4, 16 ], [ 5, 17 ], [ 6, 18 ], [ 7, 19 ], [ 8, 20 ], [ 9, 21 ], [ 10, 22 ], [ 11, 23 ], [ 12, 24 ], [ 25, 33 ], [ 26, 34 ], [ 27, 35 ], [ 28, 36 ], [ 29, 37 ], [ 30, 38 ], [ 31, 39 ], [ 32, 40 ]]",7
ENZYMES_g54,18,31,8,54400,8,2.67,"[[ 1, 6 ], [ 11, 15 ], [ 12, 16 ], [ 13, 17 ]]",6
ENZYMES_g540,49,92,8,93481305374720,18,6.00,"[[ 5, 21 ], [ 11, 26 ], [ 12, 27 ], [ 13, 28 ], [ 14, 29 ], [ 15, 30 ], [ 16, 31 ], [ 35, 44 ], [ 39, 48 ]]",7
ENZYMES_g546,44,82,768,759077056219311409154293235712,18,2.00,"[[ 1, 2 ], [ 10, 24 ], [ 12, 22, 44 ], [ 13, 23 ], [ 16, 26 ], [ 19, 29 ], [ 20, 30 ], [ 38, 39 ]]",3
ENZYMES_g547,39,82,32,28995200000,24,4.80,"[[ 3, 9 ], [ 4, 10 ], [ 5, 11 ], [ 12, 26 ], [ 13, 27 ], [ 15, 39 ], [ 16, 28 ], [ 18, 30 ], [ 22, 34 ], [ 23, 35 ], [ 24, 36 ], [ 25, 37 ]]",7
ENZYMES_g550,26,45,48,107175018540701008,10,2.00,"[[ 1, 2 ], [ 7, 11 ], [ 8, 21, 23 ], [ 14, 18 ]]",3
ENZYMES_g551,52,98,256,6707985630411253475490922496,28,4.00,"[[ 1, 2, 10, 9 ], [ 17, 35 ], [ 18, 36 ], [ 20, 38 ], [ 21, 39 ], [ 22, 44 ], [ 23, 43 ], [ 24, 42 ], [ 25, 41 ], [ 26, 40 ], [ 29, 47 ], [ 34, 52 ]]",4
ENZYMES_g556,26,48,96,55076081723149656,12,2.00,"[[ 1, 2 ], [ 7, 26 ], [ 8, 14, 16 ], [ 19, 23 ], [ 20, 22 ]]",3
ENZYMES_g560,37,67,256,2312000000,20,2.50,"[[ 6, 11 ], [ 13, 26 ], [ 14, 27 ], [ 15, 28 ], [ 16, 29 ], [ 20, 33 ], [ 21, 34 ], [ 22, 35 ], [ 23, 36 ], [ 24, 37 ]]",7
ENZYMES_g566,14,33,2,10240,2,2.00,"[[ 8, 9 ]]",5
ENZYMES_g567,13,31,2,5120,2,2.00,"[[ 7, 8 ]]",5
ENZYMES_g570,45,78,2,21990232555520,2,2.00,"[[ 40, 42 ]]",6
ENZYMES_g571,46,82,2,43980465111040,2,2.00,"[[ 41, 43 ]]",6
ENZYMES_g576,27,51,24,1251333466072809472,8,2.00,"[[ 2, 3 ], [ 12, 13 ], [ 16, 18, 26 ]]",3
ENZYMES_g58,21,50,4,819200,4,2.00,"[[ 5, 17 ], [ 10, 14 ]]",6
ENZYMES_g583,45,97,2,21990232555520,2,2.00,"[[ 14, 29 ]]",7
ENZYMES_g584,21,45,16,320000,8,2.00,"[[ 2, 6 ], [ 10, 19 ], [ 11, 18 ], [ 13, 16 ]]",6
ENZYMES_g585,35,71,128,1280000000,14,2.00,"[[ 1, 19 ], [ 7, 25 ], [ 10, 11 ], [ 15, 23 ], [ 16, 24 ], [ 17, 20 ], [ 34, 35 ]]",7
ENZYMES_g588,21,42,4,696320,6,3.00,"[[ 5, 6 ], [ 7, 15 ], [ 10, 19 ]]",6
ENZYMES_g589,31,62,8,524288000,6,2.00,"[[ 12, 18 ], [ 27, 28 ], [ 29, 31 ]]",6
ENZYMES_g592,36,78,4,22817013760,6,3.00,"[[ 1, 12 ], [ 20, 21 ], [ 27, 32 ]]",7
ENZYMES_g595,44,90,2,10995116277760,2,2.00,"[[ 1, 10 ]]",7
ENZYMES_g62,39,70,256,12800000000,16,2.00,"[[ 1, 30 ], [ 7, 26 ], [ 9, 10 ], [ 14, 29 ], [ 18, 33 ], [ 23, 37 ], [ 31, 32 ], [ 34, 35 ]]",7
ENZYMES_g64,29,49,288,84418589571999320878771863552,14,2.00,"[[ 1, 15, 2 ], [ 3, 18 ], [ 4, 16 ], [ 11, 29 ], [ 12, 13, 25 ]]",2
ENZYMES_g65,24,39,24,5793356070311253,8,2.00,"[[ 1, 14 ], [ 8, 19 ], [ 11, 12, 20 ]]",2
ENZYMES_g68,38,75,384,30827970829435742072078336,18,2.25,"[[ 6, 13 ], [ 7, 8, 14 ], [ 15, 27 ], [ 17, 29 ], [ 19, 31 ], [ 20, 32 ], [ 21, 33 ], [ 25, 38 ]]",3
ENZYMES_g69,28,55,8,65536000,6,2.00,"[[ 8, 9 ], [ 11, 12 ], [ 17, 21 ]]",6
ENZYMES_g72,40,70,16,167772160000,8,2.00,"[[ 1, 23 ], [ 9, 10 ], [ 20, 38 ], [ 39, 40 ]]",7
ENZYMES_g78,17,29,48,10641411872,10,2.00,"[[ 1, 13 ], [ 7, 12 ], [ 8, 9, 10 ], [ 15, 16 ]]",2
ENZYMES_g86,39,69,384,189959238562471071189041152,16,2.00,"[[ 1, 25 ], [ 7, 8 ], [ 10, 20 ], [ 15, 36 ], [ 17, 37 ], [ 19, 28, 29 ], [ 35, 38 ]]",3
ENZYMES_g87,40,73,64,65536000000,12,2.00,"[[ 1, 25 ], [ 6, 33 ], [ 8, 9 ], [ 11, 24 ], [ 16, 36 ], [ 28, 29 ]]",7
ENZYMES_g9,23,39,96,254992131542272,12,2.00,"[[ 1, 2, 18 ], [ 4, 22 ], [ 12, 20 ], [ 14, 15 ], [ 16, 17 ]]",3
ENZYMES_g90,38,66,32,26214400000,10,2.00,"[[ 1, 24 ], [ 2, 31 ], [ 4, 32 ], [ 11, 25 ], [ 20, 21 ]]",7
ENZYMES_g91,37,79,4,53687091200,4,2.00,"[[ 6, 7 ], [ 23, 25 ]]",7
ENZYMES_g97,32,65,24,9730279635955098845184,8,2.00,"[[ 12, 13 ], [ 14, 15 ], [ 22, 23, 24 ]]",3
GL7d10,9,8,40320,15802537024,14,2.00,"[[ 2, 3, 4, 9, 5, 6, 7, 8 ]]",1
GlossGT,67,118,128,15246064192559320489306485371934081024,14,2.33,"[[ 8, 56, 46, 49 ], [ 41, 43 ], [ 45, 63 ], [ 50, 55 ], [ 51, 57 ]]",4
LF10,18,32,512,40833262,34,3.78,"[[ 1, 18 ], [ 2, 3, 17, 16 ], [ 4, 5, 14, 15 ], [ 6, 7, 12, 13 ], [ 8, 9, 11, 10 ]]",4
NCI1_g1862,84,85,16,2951479051793528258560000,8,2.00,"[[ 53, 54 ], [ 60, 61 ], [ 74, 75 ], [ 78, 79 ]]",7
NCI1_g1863,107,111,768,223818630998129669602069938412636053278078317082064346342966112714833805041277645669983064366040338154532340549562780352512,18,2.25,"[[ 16, 33 ], [ 20, 84 ], [ 22, 40 ], [ 23, 42 ], [ 25, 26, 28, 27 ], [ 30, 65 ], [ 32, 69 ]]",2
NCI1_g1985,84,93,2,9671406556917033397649408,84,84.00,"[[ 1, 2 ], [ 3, 4 ], [ 5, 6 ], [ 7, 8 ], [ 9, 10 ], [ 11, 12 ], [ 13, 14 ], [ 15, 16 ], [ 17, 18 ], [ 19, 20 ], [ 21, 22 ], [ 23, 24 ], [ 25, 26 ], [ 27, 28 ], [ 29, 30 ], [ 31, 32 ], [ 33, 34 ], [ 35, 36 ], [ 37, 38 ], [ 39, 40 ], [ 41, 42 ], [ 43, 45 ], [ 44, 46 ], [ 47, 48 ], [ 49, 50 ], [ 51, 52 ], [ 53, 54 ], [ 55, 56 ], [ 57, 58 ], [ 59, 60 ], [ 61, 62 ], [ 63, 64 ], [ 65, 66 ], [ 67, 68 ], [ 69, 70 ], [ 71, 72 ], [ 73, 74 ], [ 75, 76 ], [ 77, 78 ], [ 79, 80 ], [ 81, 82 ], [ 83, 84 ]]",7
NCI1_g2079,88,103,4,120892581961462917470617600,4,2.00,"[[ 22, 87 ], [ 23, 88 ]]",7
NCI1_g2097,81,92,2,1208925819614629174706176,80,80.00,"[[ 1, 2 ], [ 3, 4 ], [ 5, 6 ], [ 7, 8 ], [ 9, 10 ], [ 11, 12 ], [ 13, 14 ], [ 15, 16 ], [ 17, 18 ], [ 19, 20 ], [ 21, 22 ], [ 23, 24 ], [ 25, 26 ], [ 27, 28 ], [ 30, 31 ], [ 32, 33 ], [ 34, 35 ], [ 36, 37 ], [ 38, 39 ], [ 40, 41 ], [ 42, 43 ], [ 44, 45 ], [ 46, 47 ], [ 48, 49 ], [ 50, 51 ], [ 52, 53 ], [ 54, 55 ], [ 56, 57 ], [ 58, 59 ], [ 60, 61 ], [ 62, 63 ], [ 64, 65 ], [ 66, 67 ], [ 68, 69 ], [ 70, 71 ], [ 72, 73 ], [ 74, 75 ], [ 76, 77 ], [ 78, 79 ], [ 80, 81 ]]",7
NCI1_g2228,92,98,16,755578637259143234191360000,8,2.00,"[[ 47, 48 ], [ 49, 50 ], [ 73, 74 ], [ 75, 76 ]]",7
NCI1_g2443,91,97,16,377789318629571617095680000,8,2.00,"[[ 46, 47 ], [ 48, 49 ], [ 72, 73 ], [ 74, 75 ]]",7
NCI1_g2455,90,96,16,188894659314785808547840000,8,2.00,"[[ 5, 54 ], [ 6, 56 ], [ 71, 72 ], [ 73, 74 ]]",7
NCI1_g3141,92,98,4,1934281311383406679529881600,4,2.00,"[[ 73, 74 ], [ 75, 76 ]]",7
NCI1_g3444,93,102,8,1596159871209940082229248000,14,4.67,"[[ 15, 81 ], [ 16, 82 ], [ 17, 18 ], [ 20, 90 ], [ 21, 91 ], [ 83, 86 ], [ 85, 88 ]]",7
NCI1_g3449,95,99,8,6987591237372556629801697280,10,3.33,"[[ 55, 56 ], [ 58, 59 ], [ 60, 61 ], [ 88, 89 ], [ 92, 93 ]]",7
NCI1_g3585,105,107,256,802802302087839686328320000000,18,2.25,"[[ 8, 73 ], [ 40, 41 ], [ 53, 54 ], [ 80, 81 ], [ 82, 83 ], [ 85, 86 ], [ 97, 98 ], [ 99, 100 ], [ 102, 103 ]]",7
NCI1_g3700,111,119,16,206787980042308491879699508625408,16,4.00,"[[ 62, 63 ], [ 75, 76 ], [ 79, 80 ], [ 95, 96 ], [ 100, 101 ], [ 102, 103 ], [ 104, 105 ], [ 106, 107 ]]",7
NCI1_g3897,86,86,128,2882303761517117440000000,14,2.00,"[[ 50, 51 ], [ 56, 57 ], [ 68, 69 ], [ 70, 71 ], [ 73, 74 ], [ 76, 77 ], [ 85, 86 ]]",7
NCI1_g3901,93,102,8,1964504456873772408897536000,10,3.33,"[[ 15, 77 ], [ 16, 81 ], [ 17, 18 ], [ 21, 86 ], [ 83, 85 ]]",7
NCI1_g3941,85,89,4,10918111308394619734065152,8,4.00,"[[ 36, 37 ], [ 44, 45 ], [ 77, 78 ], [ 82, 83 ]]",7
NCI1_g4094,90,98,2,618970019642690137449562112,90,90.00,"[[ 1, 2 ], [ 3, 4 ], [ 5, 6 ], [ 7, 8 ], [ 9, 10 ], [ 11, 12 ], [ 13, 14 ], [ 15, 16 ], [ 17, 18 ], [ 19, 20 ], [ 21, 22 ], [ 23, 24 ], [ 25, 26 ], [ 27, 28 ], [ 29, 30 ], [ 31, 32 ], [ 33, 34 ], [ 35, 36 ], [ 37, 38 ], [ 39, 40 ], [ 41, 42 ], [ 43, 44 ], [ 45, 46 ], [ 47, 48 ], [ 49, 50 ], [ 51, 52 ], [ 53, 54 ], [ 55, 56 ], [ 57, 58 ], [ 59, 60 ], [ 61, 62 ], [ 63, 64 ], [ 65, 66 ], [ 67, 68 ], [ 69, 70 ], [ 71, 72 ], [ 73, 74 ], [ 75, 76 ], [ 77, 79 ], [ 78, 80 ], [ 81, 82 ], [ 83, 84 ], [ 85, 86 ], [ 87, 88 ], [ 89, 90 ]]",7
NCI1_g602,84,93,4,7555786372591432341913600,4,2.00,"[[ 51, 52 ], [ 55, 56 ]]",7
Ragusa18,23,51,4,3276800,4,2.00,"[[ 1, 22 ], [ 14, 19 ]]",6
SW-100-3-0d3-trial2,100,100,16,157160356549901792711802880000,12,3.00,"[[ 10, 12 ], [ 17, 60 ], [ 18, 61 ], [ 19, 62 ], [ 24, 70 ], [ 64, 89 ]]",7
Tina_AskCog,11,27,2,1280,2,2.00,"[[ 1, 3 ]]",5
Trec3,2,1,2,2,2,2.00,"[[ 1, 2 ]]",0
Trec5,7,10,24,13185,6,2.00,"[[ 1, 4, 6, 5 ]]",2
aves-sparrow-social-2009,31,211,24,217175649523797177421396933869568,6,2.00,"[[ 27, 31, 28, 30 ]]",2
aves-sparrow-social,52,454,2,2814749767106560,2,2.00,"[[ 28, 30 ]]",9
aves-sparrowlyon-flock-season3,27,163,2,83886080,2,2.00,"[[ 3, 5 ]]",8
aves-weaver-social-01,7,12,72,3604,12,3.00,"[[ 1, 2, 7, 3, 5, 6 ]]",2
aves-weaver-social-06,19,64,1152,492130539630223622144,16,2.00,"[[ 2, 4 ], [ 5, 7 ], [ 8, 10 ], [ 13, 14, 15 ], [ 16, 18, 19, 17 ]]",2
aves-weaver-social-07,9,10,32,676,10,2.50,"[[ 1, 2, 3, 4 ], [ 5, 7 ], [ 6, 9 ]]",3
aves-weaver-social-10,16,21,24,3452252373,8,2.00,"[[ 1, 10 ], [ 5, 6, 8 ], [ 14, 15 ]]",2
aves-weaver-social-11,39,99,48,1399757274958108113219092480,10,2.00,"[[ 12, 13 ], [ 23, 24 ], [ 28, 30, 31 ], [ 38, 39 ]]",3
aves-weaver-social-17,6,9,12,123,6,2.00,"[[ 1, 4, 6 ], [ 2, 3 ]]",3
aves-weaver-social-21,14,58,2,10240,2,2.00,"[[ 4, 5 ]]",6
b1_ss,7,9,48,242,10,3.33,"[[ 2, 6, 4, 3, 5, 7 ]]",3
bcspwr01,39,46,4,174483046400,8,4.00,"[[ 5, 7 ], [ 21, 24 ], [ 22, 23 ], [ 35, 36 ]]",6
bcsstk01,48,176,4,70368744177728,88,44.00,"[[ 1, 34, 31, 4 ], [ 2, 36, 33, 5 ], [ 3, 35, 32, 6 ], [ 7, 10 ], [ 8, 12, 9, 11 ], [ 13, 16 ], [ 14, 18, 15, 17 ], [ 19, 40, 37, 22 ], [ 20, 42, 39, 23 ], [ 21, 41, 38, 24 ], [ 25, 28 ], [ 26, 30, 27, 29 ], [ 43, 46 ], [ 44, 48, 45, 47 ]]",8
bfwa62,62,200,2,2305843009213693952,60,60.00,"[[ 1, 14 ], [ 2, 13 ], [ 3, 11 ], [ 4, 12 ], [ 5, 10 ], [ 6, 9 ], [ 15, 62 ], [ 16, 59 ], [ 17, 60 ], [ 18, 61 ], [ 19, 50 ], [ 20, 51 ], [ 21, 57 ], [ 22, 58 ], [ 23, 54 ], [ 24, 55 ], [ 25, 56 ], [ 26, 44 ], [ 27, 45 ], [ 28, 53 ], [ 29, 52 ], [ 30, 48 ], [ 31, 49 ], [ 32, 38 ], [ 33, 39 ], [ 34, 46 ], [ 35, 47 ], [ 36, 42 ], [ 37, 43 ], [ 40, 41 ]]",8
bn-mouse_visual-cortex_1,29,44,24,45047739979291164672,8,2.00,"[[ 18, 19 ], [ 21, 22 ], [ 25, 26, 27 ]]",2
ca-sandi_auths,86,124,331776,66291607700245637624826762831375952594151176130374721385268019713176915305124874197333345099780021371479545023776312194338017474244520955743380576331555290294077358080,32,2.00,"[[ 1, 37 ], [ 6, 15 ], [ 10, 67 ], [ 11, 46 ], [ 12, 34 ], [ 18, 32, 76 ], [ 27, 48, 41 ], [ 38, 39 ], [ 42, 68, 85 ], [ 50, 70 ], [ 52, 57, 75 ], [ 72, 79 ]]",1
cage3,5,7,2,17,4,4.00,"[[ 2, 3 ], [ 4, 5 ]]",3
cage4,9,20,4,132,14,7.00,"[[ 1, 3 ], [ 2, 4 ], [ 5, 8, 7, 6 ]]",6
can_61,61,248,2304,157065362426517016316333256661202066778709905211900201355736936087552,20,2.00,"[[ 1, 20, 24 ], [ 2, 27 ], [ 3, 33 ], [ 6, 42 ], [ 9, 51 ], [ 12, 58, 60 ], [ 23, 30 ], [ 57, 61 ]]",2
chesapeake,39,170,4,214748364800,4,2.00,"[[ 20, 24 ], [ 25, 29 ]]",8
curtis54,54,124,8,4398046511104000,6,2.00,"[[ 1, 2 ], [ 11, 12 ], [ 34, 35 ]]",7
dolphins,62,159,4,1801439850948198400,4,2.00,"[[ 5, 12 ], [ 23, 32 ]]",7
dwt_66,66,127,2,36893488147419103232,64,64.00,"[[ 1, 21 ], [ 2, 65 ], [ 3, 29 ], [ 4, 30 ], [ 5, 31 ], [ 6, 32 ], [ 7, 33 ], [ 8, 34 ], [ 9, 35 ], [ 10, 36 ], [ 11, 37 ], [ 12, 66 ], [ 13, 45 ], [ 14, 46 ], [ 15, 47 ], [ 16, 48 ], [ 17, 49 ], [ 18, 50 ], [ 19, 51 ], [ 20, 52 ], [ 22, 53 ], [ 23, 54 ], [ 24, 55 ], [ 25, 56 ], [ 26, 57 ], [ 27, 58 ], [ 38, 59 ], [ 39, 60 ], [ 40, 61 ], [ 41, 62 ], [ 42, 63 ], [ 43, 64 ]]",7
email-enron-only,143,623,2,6968982874540819731729911960202612970618880,2,2.00,"[[ 62, 88 ]]",9
fish-guppy-familiar-2,6,15,720,1893,10,2.00,"[[ 1, 2, 3, 4, 5, 6 ]]",2
fish-guppy-familiar-4,6,15,720,1893,10,2.00,"[[ 1, 2, 3, 4, 5, 6 ]]",2
fish-guppy-familiar-5,6,15,720,1893,10,2.00,"[[ 1, 2, 3, 4, 5, 6 ]]",2
fish-guppy-familiar-8,6,15,720,1893,10,2.00,"[[ 1, 2, 3, 4, 5, 6 ]]",2
fish-stickleback-group-2,10,45,3628800,175696207125714,18,2.00,"[[ 1, 2, 3, 4, 5, 6, 7, 8, 9, 10 ]]",1
fish-stickleback-group-3,10,45,3628800,175696207125714,18,2.00,"[[ 1, 2, 3, 4, 5, 6, 7, 8, 9, 10 ]]",1
fish-stickleback-group-5,10,45,3628800,175696207125714,18,2.00,"[[ 1, 2, 3, 4, 5, 6, 7, 8, 9, 10 ]]",1
insecta-ant-colony2-day33,58,1086,2,180143985094819840,2,2.00,"[[ 25, 44 ]]",10
insecta-ant-colony2-day39,58,879,6,6285195213782350982869796702930258536431616,4,2.00,"[[ 4, 43, 58 ]]",4
insecta-ant-colony4-day30,55,1252,4,14073748835532800,4,2.00,"[[ 6, 27 ], [ 12, 43 ]]",11
insecta-ant-colony4-day36,35,488,4,13421772800,4,2.00,"[[ 4, 28 ], [ 7, 34 ]]",9
insecta-ant-colony4-day37,35,484,6,7958664184403752229273600,4,2.00,"[[ 8, 25, 28 ]]",4
insecta-ant-colony4-day41,35,500,12,4089869148139035559985152,6,2.00,"[[ 2, 4, 34 ], [ 19, 31 ]]",4
insecta-ant-trophallaxis-colony1-day4,35,51,4,13421772800,4,2.00,"[[ 12, 23 ], [ 18, 31 ]]",6
insecta-ant-trophallaxis-colony1-day5,27,26,32,44684846710784,10,2.50,"[[ 4, 9 ], [ 12, 25, 24, 17 ], [ 22, 23 ]]",3
insecta-ant-trophallaxis-colony2-day7,31,52,4,838860800,4,2.00,"[[ 11, 28 ], [ 12, 23 ]]",6
jgl011,11,49,17280,1667519650548,16,2.00,"[[ 2, 3, 4, 5, 6, 8 ], [ 7, 9, 10, 11 ]]",2
johnson8-2-4,28,210,40320,232007871170097883119616,92,15.33,"[[ 1, 2, 4, 7, 11, 28, 8, 18, 5, 19, 3, 20, 12, 21, 9, 10, 15, 26, 17, 6, 14, 25, 13, 24, 27, 23, 22, 16 ]]",3
johnson8-4-4,70,1855,80640,346011307104738917596517967540033702236684025856,284,47.33,"[[ 1, 61, 31, 30, 21, 51, 23, 8, 50, 60, 29, 13, 49, 41, 22, 12, 20, 9, 43, 24, 48, 38, 17, 59, 10, 11, 37, 14, 47, 35, 26, 42, 58, 45, 44, 54, 40, 62, 39, 18, 3, 46, 28, 15, 7, 16, 19, 27, 70, 34, 6, 57, 55, 56, 65, 68, 66, 36, 25, 5, 32, 63, 53, 2, 67, 69, 4, 64, 33, 52 ]]",5
karate,34,78,480,460806718789703805111793260203357733525000969781248,14,2.33,"[[ 5, 11 ], [ 6, 7 ], [ 15, 16, 23, 19, 21 ], [ 18, 22 ]]",1
lap_25,25,72,8,4194560,40,20.00,"[[ 1, 25, 5, 21 ], [ 2, 20, 4, 16, 10, 22, 6, 24 ], [ 3, 15, 11, 23 ], [ 7, 19, 9, 17 ], [ 8, 14, 12, 18 ]]",7
lp_sc50a,77,155,4,59029581035870565171200,4,2.00,"[[ 1, 2 ], [ 74, 75 ]]",7
lpi_bgprtr,40,67,2,687194767360,2,2.00,"[[ 22, 28 ]]",6
lpi_itest2,13,17,6,60642304,4,2.00,"[[ 1, 2, 3 ]]",2
mammalia-baboon-association-group01,4,6,24,7,6,2.00,"[[ 1, 2, 3, 4 ]]",4
mammalia-baboon-association-group06,7,9,2,80,2,2.00,"[[ 3, 4 ]]",4
mammalia-baboon-association-group26,9,7,4,200,4,2.00,"[[ 1, 3 ], [ 2, 5 ]]",3
mammalia-baboon-association-group27,17,27,2,81920,2,2.00,"[[ 3, 16 ]]",5
mammalia-baboon-grooming-group16,6,5,2,32,6,6.00,"[[ 1, 5 ], [ 2, 4 ], [ 3, 6 ]]",3
mammalia-baboon-grooming-group20,13,21,2,5120,2,2.00,"[[ 5, 9 ]]",5
mammalia-baboon-grooming-group26,18,25,4,102400,4,2.00,"[[ 1, 17 ], [ 5, 11 ]]",5
mammalia-elephantseal-2011-2012,30,33,96,1898848802513368509451337728,12,3.00,"[[ 3, 21 ], [ 6, 8, 13, 7, 19, 12 ]]",2
mammalia-hyena-networkc,35,509,144,5724823758444931395473882975383322624,12,2.00,"[[ 4, 34 ], [ 7, 11, 13 ], [ 12, 19 ], [ 18, 24, 27 ]]",3
mammalia-primate-association-12,16,89,2,40960,2,2.00,"[[ 7, 12 ]]",7
mammalia-primate-association-18,6,15,720,1893,10,2.00,"[[ 1, 2, 6, 3, 4, 5 ]]",2
mammalia-primate-association-7,19,49,2,327680,2,2.00,"[[ 5, 9 ]]",6
mammalia-raccoon-proximity-16,17,42,2,81920,2,2.00,"[[ 7, 14 ]]",6
mammalia-raccoon-proximity-17,16,30,2,40960,2,2.00,"[[ 3, 4 ]]",5
mammalia-raccoon-proximity-20,17,35,2,81920,2,2.00,"[[ 12, 14 ]]",5
mammalia-raccoon-proximity-21,18,22,32,170472736,10,2.50,"[[ 2, 5 ], [ 7, 12, 9, 18 ], [ 11, 14 ]]",3
mammalia-raccoon-proximity-27,14,27,4,5440,6,3.00,"[[ 2, 3 ], [ 5, 6 ], [ 9, 14 ]]",5
mammalia-raccoon-proximity-31,10,23,8,250,6,2.00,"[[ 3, 5 ], [ 4, 7 ], [ 6, 9 ]]",6
mammalia-raccoon-proximity-37,14,18,8,4000,6,2.00,"[[ 2, 3 ], [ 4, 11 ], [ 6, 10 ]]",5
mammalia-raccoon-proximity-40,16,35,4,25600,4,2.00,"[[ 1, 16 ], [ 5, 15 ]]",6
mammalia-raccoon-proximity-41,18,47,2,163840,2,2.00,"[[ 1, 13 ]]",6
mammalia-raccoon-proximity-46,12,23,2,2560,2,2.00,"[[ 10, 11 ]]",5
mammalia-raccoon-proximity-50,16,33,12,6717694293,6,2.00,"[[ 3, 12 ], [ 7, 9, 11 ]]",2
mammalia-voles-bhp-trapping-02,25,33,96,9179424801641472,12,2.00,"[[ 1, 2 ], [ 4, 5, 8 ], [ 14, 15 ], [ 19, 20 ], [ 24, 25 ]]",2
mammalia-voles-bhp-trapping-05,41,65,2880,12005102835860492135957661928715849262772504724460048033873225807751530931999771459584,14,2.00,"[[ 1, 18 ], [ 10, 27 ], [ 12, 22, 23, 25, 21, 24 ]]",1
mammalia-voles-bhp-trapping-09,33,45,144,17669222027802686287221014105423872,12,2.00,"[[ 11, 13, 12 ], [ 15, 26, 24 ], [ 16, 17 ], [ 20, 21 ]]",2
mammalia-voles-bhp-trapping-32,21,25,192,3544545125322,16,2.29,"[[ 1, 3 ], [ 4, 6 ], [ 7, 15, 16 ], [ 8, 17 ], [ 10, 19 ], [ 13, 21 ], [ 18, 20 ]]",2
mammalia-voles-bhp-trapping-33,4,2,8,4,6,3.00,"[[ 1, 3, 2, 4 ]]",2
mammalia-voles-bhp-trapping-34,19,24,192,101133787922,14,2.00,"[[ 2, 3 ], [ 4, 5 ], [ 7, 9 ], [ 12, 19 ], [ 13, 15 ], [ 14, 17, 18 ]]",2
mammalia-voles-bhp-trapping-38,8,4,384,2498,14,3.50,"[[ 1, 4, 3, 6, 8, 5, 7, 2 ]]",1
mammalia-voles-bhp-trapping-44,14,11,576,16327645108,18,3.00,"[[ 2, 5 ], [ 3, 7, 12, 8, 4, 13 ], [ 6, 14 ], [ 9, 11, 10 ]]",1
mammalia-voles-kcs-trapping-10,18,18,384,208698444876675,16,3.20,"[[ 1, 2, 14, 13, 6, 18 ], [ 3, 10, 15, 4 ]]",2
mammalia-voles-kcs-trapping-11,14,13,16,2500,8,2.00,"[[ 1, 6 ], [ 4, 5 ], [ 7, 8 ], [ 9, 12 ]]",5
mammalia-voles-kcs-trapping-16,80,137,884736,1333700364817840962805960778672607068152187195604635665213681257142594286154945531142569127897483116531550569517551472642486847067923110699964389162871671868880063028691338449125376,32,2.00,"[[ 1, 74 ], [ 4, 61 ], [ 6, 9 ], [ 8, 23 ], [ 10, 13, 12, 11 ], [ 26, 27, 29, 28 ], [ 31, 34, 33 ], [ 35, 36 ], [ 40, 41 ], [ 45, 48 ], [ 52, 67 ]]",1
mammalia-voles-kcs-trapping-41,4,2,8,4,6,3.00,"[[ 1, 3, 2, 4 ]]",2
mammalia-voles-kcs-trapping-47,62,111,32,439804651110400000,10,2.00,"[[ 1, 42 ], [ 2, 35 ], [ 17, 58 ], [ 31, 44 ], [ 39, 40 ]]",7
mammalia-voles-kcs-trapping-57,24,25,8,4096000,6,2.00,"[[ 1, 14 ], [ 17, 18 ], [ 22, 23 ]]",5
mammalia-voles-plj-trapping-05,51,82,128,83886080000000,14,2.00,"[[ 2, 24 ], [ 3, 39 ], [ 5, 48 ], [ 18, 25 ], [ 31, 49 ], [ 41, 42 ], [ 44, 45 ]]",7
mammalia-voles-plj-trapping-08,25,21,1152,712590599506466892068945920,18,2.57,"[[ 2, 9, 14 ], [ 4, 12, 20, 18, 5, 8 ], [ 7, 16 ], [ 15, 24 ]]",1
mammalia-voles-plj-trapping-09,30,32,128,723044948248576,16,2.67,"[[ 1, 7 ], [ 4, 27 ], [ 8, 25 ], [ 11, 16, 15, 14 ], [ 12, 20 ], [ 19, 23 ]]",3
mammalia-voles-plj-trapping-12,9,6,16,1192,10,3.33,"[[ 1, 7 ], [ 2, 6, 8, 9 ], [ 4, 5 ]]",2
mammalia-voles-plj-trapping-13,16,17,8,13600,8,2.67,"[[ 3, 6 ], [ 5, 16 ], [ 7, 9 ], [ 13, 14 ]]",5
mammalia-voles-plj-trapping-32,16,14,384,6572308605829291,14,3.50,"[[ 5, 6, 11, 13, 12, 7, 9, 16 ]]",1
mammalia-voles-plj-trapping-33,5,4,12,23,6,2.00,"[[ 1, 2 ], [ 3, 4, 5 ]]",2
mammalia-voles-plj-trapping-34,10,7,16,4678,12,4.00,"[[ 1, 9 ], [ 2, 10 ], [ 3, 8 ], [ 4, 7, 6, 5 ]]",2
mammalia-voles-plj-trapping-35,7,4,16,87,8,2.67,"[[ 2, 5 ], [ 3, 6, 4, 7 ]]",2
mammalia-voles-plj-trapping-38,15,11,192,8697319555,14,2.80,"[[ 2, 5, 4, 6, 7, 11 ], [ 9, 10 ], [ 12, 13 ]]",2
mammalia-voles-plj-trapping-43,3,2,2,5,2,2.00,"[[ 2, 3 ]]",1
mammalia-voles-plj-trapping-44,14,12,192,341782749,16,2.67,"[[ 1, 5 ], [ 3, 4 ], [ 6, 14 ], [ 7, 8, 9 ], [ 10, 11, 13, 12 ]]",2
mammalia-voles-plj-trapping-55,3,2,2,5,2,2.00,"[[ 1, 3 ]]",1
mammalia-voles-plj-trapping-64,6,3,48,35,10,3.33,"[[ 1, 4, 3, 6, 5, 2 ]]",2
mammalia-voles-rob-trapping-33,6,3,48,35,10,3.33,"[[ 1, 4, 2, 5, 3, 6 ]]",2
mammalia-voles-rob-trapping-34,5,5,2,17,4,4.00,"[[ 1, 3 ], [ 2, 5 ]]",3
mammalia-voles-rob-trapping-35,6,3,48,35,10,3.33,"[[ 1, 3, 2, 6, 5, 4 ]]",2
mammalia-voles-rob-trapping-38,4,2,8,4,6,3.00,"[[ 1, 3, 2, 4 ]]",2
mammalia-voles-rob-trapping-39,4,2,8,4,6,3.00,"[[ 1, 3, 2, 4 ]]",2
mammalia-voles-rob-trapping-43,4,2,8,4,6,3.00,"[[ 1, 3, 2, 4 ]]",2
n3c5-b1,45,83,16,18016598673621064,84,28.00,"[[ 1, 2 ], [ 3, 4, 7, 6 ], [ 8, 9 ], [ 11, 18, 19, 15, 12, 22, 21, 14 ], [ 13, 20 ], [ 16, 24 ], [ 17, 23 ], [ 25, 33, 27, 40 ], [ 26, 31, 37, 36 ], [ 28, 32 ], [ 29, 30, 35, 43, 34, 44, 42, 41 ], [ 38, 39 ]]",5
nos4,100,247,2,633825300114114700748351602688,80,80.00,"[[ 1, 9 ], [ 2, 10 ], [ 3, 7 ], [ 4, 8 ], [ 11, 19 ], [ 12, 20 ], [ 13, 17 ], [ 14, 18 ], [ 21, 29 ], [ 22, 30 ], [ 23, 27 ], [ 24, 28 ], [ 31, 39 ], [ 32, 40 ], [ 33, 37 ], [ 34, 38 ], [ 41, 49 ], [ 42, 50 ], [ 43, 47 ], [ 44, 48 ], [ 51, 59 ], [ 52, 60 ], [ 53, 57 ], [ 54, 58 ], [ 61, 69 ], [ 62, 70 ], [ 63, 67 ], [ 64, 68 ], [ 71, 79 ], [ 72, 80 ], [ 73, 77 ], [ 74, 78 ], [ 81, 89 ], [ 82, 90 ], [ 83, 87 ], [ 84, 88 ], [ 91, 99 ], [ 92, 100 ], [ 93, 97 ], [ 94, 98 ]]",8
p0033,48,98,3072,259794119892307806062687691997184,22,2.00,"[[ 6, 7 ], [ 29, 41, 42 ], [ 31, 32 ], [ 33, 34 ], [ 35, 36 ], [ 37, 38 ], [ 39, 40 ], [ 43, 44 ], [ 45, 46 ], [ 47, 48 ]]",3
rel3,6,12,36,87,8,2.00,"[[ 1, 3, 6 ], [ 2, 4, 5 ]]",3
reptilia-tortoise-network-bsv-1998,88,184,128,67052899430153142314551370130595096848275651690496,14,2.33,"[[ 21, 62 ], [ 25, 39 ], [ 29, 41 ], [ 45, 85, 86, 88 ], [ 71, 80 ]]",4
reptilia-tortoise-network-bsv-1999,69,105,24576,148929572242764560393213443988963077662980971423299180089882882080768,32,2.67,"[[ 1, 41 ], [ 4, 62, 39, 47, 45, 12 ], [ 5, 40 ], [ 6, 67 ], [ 7, 55 ], [ 16, 33 ], [ 17, 18 ], [ 21, 30 ], [ 25, 49, 59 ], [ 26, 38 ], [ 63, 64 ]]",2
reptilia-tortoise-network-cs-2006,9,7,8,125,6,2.00,"[[ 1, 2 ], [ 5, 6 ], [ 8, 9 ]]",4
reptilia-tortoise-network-cs-2010,24,38,16,1241783603200,10,3.33,"[[ 10, 24 ], [ 13, 16 ], [ 18, 20, 19, 21 ]]",3
reptilia-tortoise-network-fi-2012-inact,10,5,3840,2625620,18,3.60,"[[ 1, 4, 2, 5, 7, 10, 3, 6, 9, 8 ]]",1
reptilia-tortoise-network-hw-2011,9,6,8,106,8,2.67,"[[ 1, 2 ], [ 3, 5 ], [ 4, 9 ], [ 6, 8 ]]",3
reptilia-tortoise-network-mc,15,28,24,575639872,8,2.00,"[[ 1, 3 ], [ 7, 10, 11 ], [ 13, 14 ]]",2
reptilia-tortoise-network-pv-2005,10,13,24,74763,8,2.00,"[[ 1, 2, 3 ], [ 5, 7 ], [ 6, 8 ]]",2
reptilia-tortoise-network-pv-2009,8,5,16,307,10,3.33,"[[ 1, 2 ], [ 3, 5, 7, 8 ], [ 4, 6 ]]",2
reptilia-tortoise-network-pv-2013,16,16,128,3008084,14,2.33,"[[ 1, 7 ], [ 3, 9 ], [ 4, 10, 15, 16 ], [ 5, 14 ], [ 12, 13 ]]",3
reptilia-tortoise-network-pv,35,66,24,2101738340594113480491008,8,2.00,"[[ 6, 8 ], [ 15, 28, 33 ], [ 19, 20 ]]",3
reptilia-tortoise-network-sg-1999,22,23,8,870400,8,2.67,"[[ 1, 4 ], [ 11, 17 ], [ 12, 15 ], [ 18, 19 ]]",5
reptilia-tortoise-network-sl-2012,6,5,4,25,4,2.00,"[[ 3, 4 ], [ 5, 6 ]]",3
reptilia-tortoise-network-sl-2013,11,13,8,500,6,2.00,"[[ 1, 5 ], [ 2, 6 ], [ 3, 4 ]]",5
soc-karate,34,78,480,460806718789703805111793260203357733525000969781248,14,2.33,"[[ 5, 11 ], [ 6, 7 ], [ 15, 16, 23, 19, 21 ], [ 18, 22 ]]",1
